[2026-08-08 12:02:17] local.ERROR: SQLSTATE[42S02]: Base table or view not found: 1146 Table 'project_erpgo.settings' doesn't exist (Connection: mysql, SQL: select * from `settings` where `created_by` = 1) {"exception":"[object] (Illuminate\\Database\\QueryException(code: 42S02): SQLSTATE[42S02]: Base table or view not found: 1146 Table 'project_erpgo.settings' doesn't exist (Connection: mysql, SQL: select * from `settings` where `created_by` = 1) at C:\\xampp\\htdocs\\Portfolio\\Azure-VM\\erpnbs\\vendor\\laravel\\framework\\src\\Illuminate\\Database\\Connection.php:822)
[stacktrace]
#0 C:\\xampp\\htdocs\\Portfolio\\Azure-VM\\erpnbs\\vendor\\laravel\\framework\\src\\Illuminate\\Database\\Connection.php(776): Illuminate\\Database\\Connection->runQueryCallback('select * from `...', Array, Object(Closure))
#1 C:\\xampp\\htdocs\\Portfolio\\Azure-VM\\erpnbs\\vendor\\laravel\\framework\\src\\Illuminate\\Database\\Connection.php(407): Illuminate\\Database\\Connection->run('select * from `...', Array, Object(Closure))
#2 C:\\xampp\\htdocs\\Portfolio\\Azure-VM\\erpnbs\\vendor\\laravel\\framework\\src\\Illuminate\\Database\\Query\\Builder.php(2751): Illuminate\\Database\\Connection->select('select * from `...', Array, true)
#3 C:\\xampp\\htdocs\\Portfolio\\Azure-VM\\erpnbs\\vendor\\laravel\\framework\\src\\Illuminate\\Database\\Query\\Builder.php(2740): Illuminate\\Database\\Query\\Builder->runSelect()
#4 C:\\xampp\\htdocs\\Portfolio\\Azure-VM\\erpnbs\\vendor\\laravel\\framework\\src\\Illuminate\\Database\\Query\\Builder.php(3294): Illuminate\\Database\\Query\\Builder->Illuminate\\Database\\Query\\{closure}()
#5 C:\\xampp\\htdocs\\Portfolio\\Azure-VM\\erpnbs\\vendor\\laravel\\framework\\src\\Illuminate\\Database\\Query\\Builder.php(2739): Illuminate\\Database\\Query\\Builder->onceWithColumns(Array, Object(Closure))
#6 C:\\xampp\\htdocs\\Portfolio\\Azure-VM\\erpnbs\\app\\Models\\Utility.php(29): Illuminate\\Database\\Query\\Builder->get()
#7 C:\\xampp\\htdocs\\Portfolio\\Azure-VM\\erpnbs\\app\\Models\\Utility.php(71): App\\Models\\Utility::getSetting()
#8 C:\\xampp\\htdocs\\Portfolio\\Azure-VM\\erpnbs\\app\\Http\\Controllers\\DashboardController.php(166): App\\Models\\Utility::settings()
#9 C:\\xampp\\htdocs\\Portfolio\\Azure-VM\\erpnbs\\vendor\\laravel\\framework\\src\\Illuminate\\Routing\\Controller.php(54): App\\Http\\Controllers\\DashboardController->account_dashboard_index()
#10 C:\\xampp\\htdocs\\Portfolio\\Azure-VM\\erpnbs\\vendor\\laravel\\framework\\src\\Illuminate\\Routing\\ControllerDispatcher.php(43): Illuminate\\Routing\\Controller->callAction('account_dashboa...', Array)
#11 C:\\xampp\\htdocs\\Portfolio\\Azure-VM\\erpnbs\\vendor\\laravel\\framework\\src\\Illuminate\\Routing\\Route.php(259): Illuminate\\Routing\\ControllerDispatcher->dispatch(Object(Illuminate\\Routing\\Route), Object(App\\Http\\Controllers\\DashboardController), 'account_dashboa...')
#12 C:\\xampp\\htdocs\\Portfolio\\Azure-VM\\erpnbs\\vendor\\laravel\\framework\\src\\Illuminate\\Routing\\Route.php(205): Illuminate\\Routing\\Route->runController()
#13 C:\\xampp\\htdocs\\Portfolio\\Azure-VM\\erpnbs\\vendor\\laravel\\framework\\src\\Illuminate\\Routing\\Router.php(798): Illuminate\\Routing\\Route->run()
#14 C:\\xampp\\htdocs\\Portfolio\\Azure-VM\\erpnbs\\vendor\\laravel\\framework\\src\\Illuminate\\Pipeline\\Pipeline.php(141): Illuminate\\Routing\\Router->Illuminate\\Routing\\{closure}(Object(Illuminate\\Http\\Request))
#15 C:\\xampp\\htdocs\\Portfolio\\Azure-VM\\erpnbs\\app\\Http\\Middleware\\RevalidateBackHistory.php(18): Illuminate\\Pipeline\\Pipeline->Illuminate\\Pipeline\\{closure}(Object(Illuminate\\Http\\Request))
#16 C:\\xampp\\htdocs\\Portfolio\\Azure-VM\\erpnbs\\vendor\\laravel\\framework\\src\\Illuminate\\Pipeline\\Pipeline.php(180): App\\Http\\Middleware\\RevalidateBackHistory->handle(Object(Illuminate\\Http\\Request), Object(Closure))
#17 C:\\xampp\\htdocs\\Portfolio\\Azure-VM\\erpnbs\\app\\Http\\Middleware\\XSS.php(71): Illuminate\\Pipeline\\Pipeline->Illuminate\\Pipeline\\{closure}(Object(Illuminate\\Http\\Request))
#18 C:\\xampp\\htdocs\\Portfolio\\Azure-VM\\erpnbs\\vendor\\laravel\\framework\\src\\Illuminate\\Pipeline\\Pipeline.php(180): App\\Http\\Middleware\\XSS->handle(Object(Illuminate\\Http\\Request), Object(Closure))
#19 C:\\xampp\\htdocs\\Portfolio\\Azure-VM\\erpnbs\\app\\Http\\Middleware\\CheckExpiryTime.php(55): Illuminate\\Pipeline\\Pipeline->Illuminate\\Pipeline\\{closure}(Object(Illuminate\\Http\\Request))
#20 C:\\xampp\\htdocs\\Portfolio\\Azure-VM\\erpnbs\\vendor\\laravel\\framework\\src\\Illuminate\\Pipeline\\Pipeline.php(180): App\\Http\\Middleware\\CheckExpiryTime->handle(Object(Illuminate\\Http\\Request), Object(Closure))
#21 C:\\xampp\\htdocs\\Portfolio\\Azure-VM\\erpnbs\\vendor\\laravel\\framework\\src\\Illuminate\\Routing\\Middleware\\SubstituteBindings.php(50): Illuminate\\Pipeline\\Pipeline->Illuminate\\Pipeline\\{closure}(Object(Illuminate\\Http\\Request))
#22 C:\\xampp\\htdocs\\Portfolio\\Azure-VM\\erpnbs\\vendor\\laravel\\framework\\src\\Illuminate\\Pipeline\\Pipeline.php(180): Illuminate\\Routing\\Middleware\\SubstituteBindings->handle(Object(Illuminate\\Http\\Request), Object(Closure))
#23 C:\\xampp\\htdocs\\Portfolio\\Azure-VM\\erpnbs\\vendor\\laravel\\framework\\src\\Illuminate\\Foundation\\Http\\Middleware\\VerifyCsrfToken.php(78): Illuminate\\Pipeline\\Pipeline->Illuminate\\Pipeline\\{closure}(Object(Illuminate\\Http\\Request))
#24 C:\\xampp\\htdocs\\Portfolio\\Azure-VM\\erpnbs\\vendor\\laravel\\framework\\src\\Illuminate\\Pipeline\\Pipeline.php(180): Illuminate\\Foundation\\Http\\Middleware\\VerifyCsrfToken->handle(Object(Illuminate\\Http\\Request), Object(Closure))
#25 C:\\xampp\\htdocs\\Portfolio\\Azure-VM\\erpnbs\\vendor\\laravel\\framework\\src\\Illuminate\\View\\Middleware\\ShareErrorsFromSession.php(49): Illuminate\\Pipeline\\Pipeline->Illuminate\\Pipeline\\{closure}(Object(Illuminate\\Http\\Request))
#26 C:\\xampp\\htdocs\\Portfolio\\Azure-VM\\erpnbs\\vendor\\laravel\\framework\\src\\Illuminate\\Pipeline\\Pipeline.php(180): Illuminate\\View\\Middleware\\ShareErrorsFromSession->handle(Object(Illuminate\\Http\\Request), Object(Closure))
#27 C:\\xampp\\htdocs\\Portfolio\\Azure-VM\\erpnbs\\vendor\\laravel\\framework\\src\\Illuminate\\Session\\Middleware\\StartSession.php(121): Illuminate\\Pipeline\\Pipeline->Illuminate\\Pipeline\\{closure}(Object(Illuminate\\Http\\Request))
#28 C:\\xampp\\htdocs\\Portfolio\\Azure-VM\\erpnbs\\vendor\\laravel\\framework\\src\\Illuminate\\Session\\Middleware\\StartSession.php(64): Illuminate\\Session\\Middleware\\StartSession->handleStatefulRequest(Object(Illuminate\\Http\\Request), Object(Illuminate\\Session\\Store), Object(Closure))
#29 C:\\xampp\\htdocs\\Portfolio\\Azure-VM\\erpnbs\\vendor\\laravel\\framework\\src\\Illuminate\\Pipeline\\Pipeline.php(180): Illuminate\\Session\\Middleware\\StartSession->handle(Object(Illuminate\\Http\\Request), Object(Closure))
#30 C:\\xampp\\htdocs\\Portfolio\\Azure-VM\\erpnbs\\vendor\\laravel\\framework\\src\\Illuminate\\Cookie\\Middleware\\AddQueuedCookiesToResponse.php(37): Illuminate\\Pipeline\\Pipeline->Illuminate\\Pipeline\\{closure}(Object(Illuminate\\Http\\Request))
#31 C:\\xampp\\htdocs\\Portfolio\\Azure-VM\\erpnbs\\vendor\\laravel\\framework\\src\\Illuminate\\Pipeline\\Pipeline.php(180): Illuminate\\Cookie\\Middleware\\AddQueuedCookiesToResponse->handle(Object(Illuminate\\Http\\Request), Object(Closure))
#32 C:\\xampp\\htdocs\\Portfolio\\Azure-VM\\erpnbs\\vendor\\laravel\\framework\\src\\Illuminate\\Cookie\\Middleware\\EncryptCookies.php(67): Illuminate\\Pipeline\\Pipeline->Illuminate\\Pipeline\\{closure}(Object(Illuminate\\Http\\Request))
#33 C:\\xampp\\htdocs\\Portfolio\\Azure-VM\\erpnbs\\vendor\\laravel\\framework\\src\\Illuminate\\Pipeline\\Pipeline.php(180): Illuminate\\Cookie\\Middleware\\EncryptCookies->handle(Object(Illuminate\\Http\\Request), Object(Closure))
#34 C:\\xampp\\htdocs\\Portfolio\\Azure-VM\\erpnbs\\vendor\\laravel\\framework\\src\\Illuminate\\Pipeline\\Pipeline.php(116): Illuminate\\Pipeline\\Pipeline->Illuminate\\Pipeline\\{closure}(Object(Illuminate\\Http\\Request))
#35 C:\\xampp\\htdocs\\Portfolio\\Azure-VM\\erpnbs\\vendor\\laravel\\framework\\src\\Illuminate\\Routing\\Router.php(797): Illuminate\\Pipeline\\Pipeline->then(Object(Closure))
#36 C:\\xampp\\htdocs\\Portfolio\\Azure-VM\\erpnbs\\vendor\\laravel\\framework\\src\\Illuminate\\Routing\\Router.php(776): Illuminate\\Routing\\Router->runRouteWithinStack(Object(Illuminate\\Routing\\Route), Object(Illuminate\\Http\\Request))
#37 C:\\xampp\\htdocs\\Portfolio\\Azure-VM\\erpnbs\\vendor\\laravel\\framework\\src\\Illuminate\\Routing\\Router.php(740): Illuminate\\Routing\\Router->runRoute(Object(Illuminate\\Http\\Request), Object(Illuminate\\Routing\\Route))
#38 C:\\xampp\\htdocs\\Portfolio\\Azure-VM\\erpnbs\\vendor\\laravel\\framework\\src\\Illuminate\\Routing\\Router.php(729): Illuminate\\Routing\\Router->dispatchToRoute(Object(Illuminate\\Http\\Request))
#39 C:\\xampp\\htdocs\\Portfolio\\Azure-VM\\erpnbs\\vendor\\laravel\\framework\\src\\Illuminate\\Foundation\\Http\\Kernel.php(200): Illuminate\\Routing\\Router->dispatch(Object(Illuminate\\Http\\Request))
#40 C:\\xampp\\htdocs\\Portfolio\\Azure-VM\\erpnbs\\vendor\\laravel\\framework\\src\\Illuminate\\Pipeline\\Pipeline.php(141): Illuminate\\Foundation\\Http\\Kernel->Illuminate\\Foundation\\Http\\{closure}(Object(Illuminate\\Http\\Request))
#41 C:\\xampp\\htdocs\\Portfolio\\Azure-VM\\erpnbs\\vendor\\barryvdh\\laravel-debugbar\\src\\Middleware\\InjectDebugbar.php(59): Illuminate\\Pipeline\\Pipeline->Illuminate\\Pipeline\\{closure}(Object(Illuminate\\Http\\Request))
#42 C:\\xampp\\htdocs\\Portfolio\\Azure-VM\\erpnbs\\vendor\\laravel\\framework\\src\\Illuminate\\Pipeline\\Pipeline.php(180): Barryvdh\\Debugbar\\Middleware\\InjectDebugbar->handle(Object(Illuminate\\Http\\Request), Object(Closure))
#43 C:\\xampp\\htdocs\\Portfolio\\Azure-VM\\erpnbs\\vendor\\laravel\\framework\\src\\Illuminate\\Foundation\\Http\\Middleware\\TransformsRequest.php(21): Illuminate\\Pipeline\\Pipeline->Illuminate\\Pipeline\\{closure}(Object(Illuminate\\Http\\Request))
#44 C:\\xampp\\htdocs\\Portfolio\\Azure-VM\\erpnbs\\vendor\\laravel\\framework\\src\\Illuminate\\Foundation\\Http\\Middleware\\ConvertEmptyStringsToNull.php(31): Illuminate\\Foundation\\Http\\Middleware\\TransformsRequest->handle(Object(Illuminate\\Http\\Request), Object(Closure))
#45 C:\\xampp\\htdocs\\Portfolio\\Azure-VM\\erpnbs\\vendor\\laravel\\framework\\src\\Illuminate\\Pipeline\\Pipeline.php(180): Illuminate\\Foundation\\Http\\Middleware\\ConvertEmptyStringsToNull->handle(Object(Illuminate\\Http\\Request), Object(Closure))
#46 C:\\xampp\\htdocs\\Portfolio\\Azure-VM\\erpnbs\\vendor\\laravel\\framework\\src\\Illuminate\\Foundation\\Http\\Middleware\\TransformsRequest.php(21): Illuminate\\Pipeline\\Pipeline->Illuminate\\Pipeline\\{closure}(Object(Illuminate\\Http\\Request))
#47 C:\\xampp\\htdocs\\Portfolio\\Azure-VM\\erpnbs\\vendor\\laravel\\framework\\src\\Illuminate\\Foundation\\Http\\Middleware\\TrimStrings.php(40): Illuminate\\Foundation\\Http\\Middleware\\TransformsRequest->handle(Object(Illuminate\\Http\\Request), Object(Closure))
#48 C:\\xampp\\htdocs\\Portfolio\\Azure-VM\\erpnbs\\vendor\\laravel\\framework\\src\\Illuminate\\Pipeline\\Pipeline.php(180): Illuminate\\Foundation\\Http\\Middleware\\TrimStrings->handle(Object(Illuminate\\Http\\Request), Object(Closure))
#49 C:\\xampp\\htdocs\\Portfolio\\Azure-VM\\erpnbs\\vendor\\laravel\\framework\\src\\Illuminate\\Foundation\\Http\\Middleware\\ValidatePostSize.php(27): Illuminate\\Pipeline\\Pipeline->Illuminate\\Pipeline\\{closure}(Object(Illuminate\\Http\\Request))
#50 C:\\xampp\\htdocs\\Portfolio\\Azure-VM\\erpnbs\\vendor\\laravel\\framework\\src\\Illuminate\\Pipeline\\Pipeline.php(180): Illuminate\\Foundation\\Http\\Middleware\\ValidatePostSize->handle(Object(Illuminate\\Http\\Request), Object(Closure))
#51 C:\\xampp\\htdocs\\Portfolio\\Azure-VM\\erpnbs\\vendor\\laravel\\framework\\src\\Illuminate\\Foundation\\Http\\Middleware\\PreventRequestsDuringMaintenance.php(99): Illuminate\\Pipeline\\Pipeline->Illuminate\\Pipeline\\{closure}(Object(Illuminate\\Http\\Request))
#52 C:\\xampp\\htdocs\\Portfolio\\Azure-VM\\erpnbs\\vendor\\laravel\\framework\\src\\Illuminate\\Pipeline\\Pipeline.php(180): Illuminate\\Foundation\\Http\\Middleware\\PreventRequestsDuringMaintenance->handle(Object(Illuminate\\Http\\Request), Object(Closure))
#53 C:\\xampp\\htdocs\\Portfolio\\Azure-VM\\erpnbs\\vendor\\laravel\\framework\\src\\Illuminate\\Http\\Middleware\\HandleCors.php(49): Illuminate\\Pipeline\\Pipeline->Illuminate\\Pipeline\\{closure}(Object(Illuminate\\Http\\Request))
#54 C:\\xampp\\htdocs\\Portfolio\\Azure-VM\\erpnbs\\vendor\\laravel\\framework\\src\\Illuminate\\Pipeline\\Pipeline.php(180): Illuminate\\Http\\Middleware\\HandleCors->handle(Object(Illuminate\\Http\\Request), Object(Closure))
#55 C:\\xampp\\htdocs\\Portfolio\\Azure-VM\\erpnbs\\vendor\\laravel\\framework\\src\\Illuminate\\Http\\Middleware\\TrustProxies.php(39): Illuminate\\Pipeline\\Pipeline->Illuminate\\Pipeline\\{closure}(Object(Illuminate\\Http\\Request))
#56 C:\\xampp\\htdocs\\Portfolio\\Azure-VM\\erpnbs\\vendor\\laravel\\framework\\src\\Illuminate\\Pipeline\\Pipeline.php(180): Illuminate\\Http\\Middleware\\TrustProxies->handle(Object(Illuminate\\Http\\Request), Object(Closure))
#57 C:\\xampp\\htdocs\\Portfolio\\Azure-VM\\erpnbs\\vendor\\laravel\\framework\\src\\Illuminate\\Pipeline\\Pipeline.php(116): Illuminate\\Pipeline\\Pipeline->Illuminate\\Pipeline\\{closure}(Object(Illuminate\\Http\\Request))
#58 C:\\xampp\\htdocs\\Portfolio\\Azure-VM\\erpnbs\\vendor\\laravel\\framework\\src\\Illuminate\\Foundation\\Http\\Kernel.php(175): Illuminate\\Pipeline\\Pipeline->then(Object(Closure))
#59 C:\\xampp\\htdocs\\Portfolio\\Azure-VM\\erpnbs\\vendor\\laravel\\framework\\src\\Illuminate\\Foundation\\Http\\Kernel.php(144): Illuminate\\Foundation\\Http\\Kernel->sendRequestThroughRouter(Object(Illuminate\\Http\\Request))
#60 C:\\xampp\\htdocs\\Portfolio\\Azure-VM\\erpnbs\\public\\index.php(51): Illuminate\\Foundation\\Http\\Kernel->handle(Object(Illuminate\\Http\\Request))
#61 C:\\xampp\\htdocs\\Portfolio\\Azure-VM\\erpnbs\\vendor\\laravel\\framework\\src\\Illuminate\\Foundation\\resources\\server.php(16): require_once('C:\\\\xampp\\\\htdocs...')
#62 {main}

[previous exception] [object] (PDOException(code: 42S02): SQLSTATE[42S02]: Base table or view not found: 1146 Table 'project_erpgo.settings' doesn't exist at C:\\xampp\\htdocs\\Portfolio\\Azure-VM\\erpnbs\\vendor\\laravel\\framework\\src\\Illuminate\\Database\\Connection.php:416)
[stacktrace]
#0 C:\\xampp\\htdocs\\Portfolio\\Azure-VM\\erpnbs\\vendor\\laravel\\framework\\src\\Illuminate\\Database\\Connection.php(416): PDO->prepare('select * from `...')
#1 C:\\xampp\\htdocs\\Portfolio\\Azure-VM\\erpnbs\\vendor\\laravel\\framework\\src\\Illuminate\\Database\\Connection.php(809): Illuminate\\Database\\Connection->Illuminate\\Database\\{closure}('select * from `...', Array)
#2 C:\\xampp\\htdocs\\Portfolio\\Azure-VM\\erpnbs\\vendor\\laravel\\framework\\src\\Illuminate\\Database\\Connection.php(776): Illuminate\\Database\\Connection->runQueryCallback('select * from `...', Array, Object(Closure))
#3 C:\\xampp\\htdocs\\Portfolio\\Azure-VM\\erpnbs\\vendor\\laravel\\framework\\src\\Illuminate\\Database\\Connection.php(407): Illuminate\\Database\\Connection->run('select * from `...', Array, Object(Closure))
#4 C:\\xampp\\htdocs\\Portfolio\\Azure-VM\\erpnbs\\vendor\\laravel\\framework\\src\\Illuminate\\Database\\Query\\Builder.php(2751): Illuminate\\Database\\Connection->select('select * from `...', Array, true)
#5 C:\\xampp\\htdocs\\Portfolio\\Azure-VM\\erpnbs\\vendor\\laravel\\framework\\src\\Illuminate\\Database\\Query\\Builder.php(2740): Illuminate\\Database\\Query\\Builder->runSelect()
#6 C:\\xampp\\htdocs\\Portfolio\\Azure-VM\\erpnbs\\vendor\\laravel\\framework\\src\\Illuminate\\Database\\Query\\Builder.php(3294): Illuminate\\Database\\Query\\Builder->Illuminate\\Database\\Query\\{closure}()
#7 C:\\xampp\\htdocs\\Portfolio\\Azure-VM\\erpnbs\\vendor\\laravel\\framework\\src\\Illuminate\\Database\\Query\\Builder.php(2739): Illuminate\\Database\\Query\\Builder->onceWithColumns(Array, Object(Closure))
#8 C:\\xampp\\htdocs\\Portfolio\\Azure-VM\\erpnbs\\app\\Models\\Utility.php(29): Illuminate\\Database\\Query\\Builder->get()
#9 C:\\xampp\\htdocs\\Portfolio\\Azure-VM\\erpnbs\\app\\Models\\Utility.php(71): App\\Models\\Utility::getSetting()
#10 C:\\xampp\\htdocs\\Portfolio\\Azure-VM\\erpnbs\\app\\Http\\Controllers\\DashboardController.php(166): App\\Models\\Utility::settings()
#11 C:\\xampp\\htdocs\\Portfolio\\Azure-VM\\erpnbs\\vendor\\laravel\\framework\\src\\Illuminate\\Routing\\Controller.php(54): App\\Http\\Controllers\\DashboardController->account_dashboard_index()
#12 C:\\xampp\\htdocs\\Portfolio\\Azure-VM\\erpnbs\\vendor\\laravel\\framework\\src\\Illuminate\\Routing\\ControllerDispatcher.php(43): Illuminate\\Routing\\Controller->callAction('account_dashboa...', Array)
#13 C:\\xampp\\htdocs\\Portfolio\\Azure-VM\\erpnbs\\vendor\\laravel\\framework\\src\\Illuminate\\Routing\\Route.php(259): Illuminate\\Routing\\ControllerDispatcher->dispatch(Object(Illuminate\\Routing\\Route), Object(App\\Http\\Controllers\\DashboardController), 'account_dashboa...')
#14 C:\\xampp\\htdocs\\Portfolio\\Azure-VM\\erpnbs\\vendor\\laravel\\framework\\src\\Illuminate\\Routing\\Route.php(205): Illuminate\\Routing\\Route->runController()
#15 C:\\xampp\\htdocs\\Portfolio\\Azure-VM\\erpnbs\\vendor\\laravel\\framework\\src\\Illuminate\\Routing\\Router.php(798): Illuminate\\Routing\\Route->run()
#16 C:\\xampp\\htdocs\\Portfolio\\Azure-VM\\erpnbs\\vendor\\laravel\\framework\\src\\Illuminate\\Pipeline\\Pipeline.php(141): Illuminate\\Routing\\Router->Illuminate\\Routing\\{closure}(Object(Illuminate\\Http\\Request))
#17 C:\\xampp\\htdocs\\Portfolio\\Azure-VM\\erpnbs\\app\\Http\\Middleware\\RevalidateBackHistory.php(18): Illuminate\\Pipeline\\Pipeline->Illuminate\\Pipeline\\{closure}(Object(Illuminate\\Http\\Request))
#18 C:\\xampp\\htdocs\\Portfolio\\Azure-VM\\erpnbs\\vendor\\laravel\\framework\\src\\Illuminate\\Pipeline\\Pipeline.php(180): App\\Http\\Middleware\\RevalidateBackHistory->handle(Object(Illuminate\\Http\\Request), Object(Closure))
#19 C:\\xampp\\htdocs\\Portfolio\\Azure-VM\\erpnbs\\app\\Http\\Middleware\\XSS.php(71): Illuminate\\Pipeline\\Pipeline->Illuminate\\Pipeline\\{closure}(Object(Illuminate\\Http\\Request))
#20 C:\\xampp\\htdocs\\Portfolio\\Azure-VM\\erpnbs\\vendor\\laravel\\framework\\src\\Illuminate\\Pipeline\\Pipeline.php(180): App\\Http\\Middleware\\XSS->handle(Object(Illuminate\\Http\\Request), Object(Closure))
#21 C:\\xampp\\htdocs\\Portfolio\\Azure-VM\\erpnbs\\app\\Http\\Middleware\\CheckExpiryTime.php(55): Illuminate\\Pipeline\\Pipeline->Illuminate\\Pipeline\\{closure}(Object(Illuminate\\Http\\Request))
#22 C:\\xampp\\htdocs\\Portfolio\\Azure-VM\\erpnbs\\vendor\\laravel\\framework\\src\\Illuminate\\Pipeline\\Pipeline.php(180): App\\Http\\Middleware\\CheckExpiryTime->handle(Object(Illuminate\\Http\\Request), Object(Closure))
#23 C:\\xampp\\htdocs\\Portfolio\\Azure-VM\\erpnbs\\vendor\\laravel\\framework\\src\\Illuminate\\Routing\\Middleware\\SubstituteBindings.php(50): Illuminate\\Pipeline\\Pipeline->Illuminate\\Pipeline\\{closure}(Object(Illuminate\\Http\\Request))
#24 C:\\xampp\\htdocs\\Portfolio\\Azure-VM\\erpnbs\\vendor\\laravel\\framework\\src\\Illuminate\\Pipeline\\Pipeline.php(180): Illuminate\\Routing\\Middleware\\SubstituteBindings->handle(Object(Illuminate\\Http\\Request), Object(Closure))
#25 C:\\xampp\\htdocs\\Portfolio\\Azure-VM\\erpnbs\\vendor\\laravel\\framework\\src\\Illuminate\\Foundation\\Http\\Middleware\\VerifyCsrfToken.php(78): Illuminate\\Pipeline\\Pipeline->Illuminate\\Pipeline\\{closure}(Object(Illuminate\\Http\\Request))
#26 C:\\xampp\\htdocs\\Portfolio\\Azure-VM\\erpnbs\\vendor\\laravel\\framework\\src\\Illuminate\\Pipeline\\Pipeline.php(180): Illuminate\\Foundation\\Http\\Middleware\\VerifyCsrfToken->handle(Object(Illuminate\\Http\\Request), Object(Closure))
#27 C:\\xampp\\htdocs\\Portfolio\\Azure-VM\\erpnbs\\vendor\\laravel\\framework\\src\\Illuminate\\View\\Middleware\\ShareErrorsFromSession.php(49): Illuminate\\Pipeline\\Pipeline->Illuminate\\Pipeline\\{closure}(Object(Illuminate\\Http\\Request))
#28 C:\\xampp\\htdocs\\Portfolio\\Azure-VM\\erpnbs\\vendor\\laravel\\framework\\src\\Illuminate\\Pipeline\\Pipeline.php(180): Illuminate\\View\\Middleware\\ShareErrorsFromSession->handle(Object(Illuminate\\Http\\Request), Object(Closure))
#29 C:\\xampp\\htdocs\\Portfolio\\Azure-VM\\erpnbs\\vendor\\laravel\\framework\\src\\Illuminate\\Session\\Middleware\\StartSession.php(121): Illuminate\\Pipeline\\Pipeline->Illuminate\\Pipeline\\{closure}(Object(Illuminate\\Http\\Request))
#30 C:\\xampp\\htdocs\\Portfolio\\Azure-VM\\erpnbs\\vendor\\laravel\\framework\\src\\Illuminate\\Session\\Middleware\\StartSession.php(64): Illuminate\\Session\\Middleware\\StartSession->handleStatefulRequest(Object(Illuminate\\Http\\Request), Object(Illuminate\\Session\\Store), Object(Closure))
#31 C:\\xampp\\htdocs\\Portfolio\\Azure-VM\\erpnbs\\vendor\\laravel\\framework\\src\\Illuminate\\Pipeline\\Pipeline.php(180): Illuminate\\Session\\Middleware\\StartSession->handle(Object(Illuminate\\Http\\Request), Object(Closure))
#32 C:\\xampp\\htdocs\\Portfolio\\Azure-VM\\erpnbs\\vendor\\laravel\\framework\\src\\Illuminate\\Cookie\\Middleware\\AddQueuedCookiesToResponse.php(37): Illuminate\\Pipeline\\Pipeline->Illuminate\\Pipeline\\{closure}(Object(Illuminate\\Http\\Request))
#33 C:\\xampp\\htdocs\\Portfolio\\Azure-VM\\erpnbs\\vendor\\laravel\\framework\\src\\Illuminate\\Pipeline\\Pipeline.php(180): Illuminate\\Cookie\\Middleware\\AddQueuedCookiesToResponse->handle(Object(Illuminate\\Http\\Request), Object(Closure))
#34 C:\\xampp\\htdocs\\Portfolio\\Azure-VM\\erpnbs\\vendor\\laravel\\framework\\src\\Illuminate\\Cookie\\Middleware\\EncryptCookies.php(67): Illuminate\\Pipeline\\Pipeline->Illuminate\\Pipeline\\{closure}(Object(Illuminate\\Http\\Request))
#35 C:\\xampp\\htdocs\\Portfolio\\Azure-VM\\erpnbs\\vendor\\laravel\\framework\\src\\Illuminate\\Pipeline\\Pipeline.php(180): Illuminate\\Cookie\\Middleware\\EncryptCookies->handle(Object(Illuminate\\Http\\Request), Object(Closure))
#36 C:\\xampp\\htdocs\\Portfolio\\Azure-VM\\erpnbs\\vendor\\laravel\\framework\\src\\Illuminate\\Pipeline\\Pipeline.php(116): Illuminate\\Pipeline\\Pipeline->Illuminate\\Pipeline\\{closure}(Object(Illuminate\\Http\\Request))
#37 C:\\xampp\\htdocs\\Portfolio\\Azure-VM\\erpnbs\\vendor\\laravel\\framework\\src\\Illuminate\\Routing\\Router.php(797): Illuminate\\Pipeline\\Pipeline->then(Object(Closure))
#38 C:\\xampp\\htdocs\\Portfolio\\Azure-VM\\erpnbs\\vendor\\laravel\\framework\\src\\Illuminate\\Routing\\Router.php(776): Illuminate\\Routing\\Router->runRouteWithinStack(Object(Illuminate\\Routing\\Route), Object(Illuminate\\Http\\Request))
#39 C:\\xampp\\htdocs\\Portfolio\\Azure-VM\\erpnbs\\vendor\\laravel\\framework\\src\\Illuminate\\Routing\\Router.php(740): Illuminate\\Routing\\Router->runRoute(Object(Illuminate\\Http\\Request), Object(Illuminate\\Routing\\Route))
#40 C:\\xampp\\htdocs\\Portfolio\\Azure-VM\\erpnbs\\vendor\\laravel\\framework\\src\\Illuminate\\Routing\\Router.php(729): Illuminate\\Routing\\Router->dispatchToRoute(Object(Illuminate\\Http\\Request))
#41 C:\\xampp\\htdocs\\Portfolio\\Azure-VM\\erpnbs\\vendor\\laravel\\framework\\src\\Illuminate\\Foundation\\Http\\Kernel.php(200): Illuminate\\Routing\\Router->dispatch(Object(Illuminate\\Http\\Request))
#42 C:\\xampp\\htdocs\\Portfolio\\Azure-VM\\erpnbs\\vendor\\laravel\\framework\\src\\Illuminate\\Pipeline\\Pipeline.php(141): Illuminate\\Foundation\\Http\\Kernel->Illuminate\\Foundation\\Http\\{closure}(Object(Illuminate\\Http\\Request))
#43 C:\\xampp\\htdocs\\Portfolio\\Azure-VM\\erpnbs\\vendor\\barryvdh\\laravel-debugbar\\src\\Middleware\\InjectDebugbar.php(59): Illuminate\\Pipeline\\Pipeline->Illuminate\\Pipeline\\{closure}(Object(Illuminate\\Http\\Request))
#44 C:\\xampp\\htdocs\\Portfolio\\Azure-VM\\erpnbs\\vendor\\laravel\\framework\\src\\Illuminate\\Pipeline\\Pipeline.php(180): Barryvdh\\Debugbar\\Middleware\\InjectDebugbar->handle(Object(Illuminate\\Http\\Request), Object(Closure))
#45 C:\\xampp\\htdocs\\Portfolio\\Azure-VM\\erpnbs\\vendor\\laravel\\framework\\src\\Illuminate\\Foundation\\Http\\Middleware\\TransformsRequest.php(21): Illuminate\\Pipeline\\Pipeline->Illuminate\\Pipeline\\{closure}(Object(Illuminate\\Http\\Request))
#46 C:\\xampp\\htdocs\\Portfolio\\Azure-VM\\erpnbs\\vendor\\laravel\\framework\\src\\Illuminate\\Foundation\\Http\\Middleware\\ConvertEmptyStringsToNull.php(31): Illuminate\\Foundation\\Http\\Middleware\\TransformsRequest->handle(Object(Illuminate\\Http\\Request), Object(Closure))
#47 C:\\xampp\\htdocs\\Portfolio\\Azure-VM\\erpnbs\\vendor\\laravel\\framework\\src\\Illuminate\\Pipeline\\Pipeline.php(180): Illuminate\\Foundation\\Http\\Middleware\\ConvertEmptyStringsToNull->handle(Object(Illuminate\\Http\\Request), Object(Closure))
#48 C:\\xampp\\htdocs\\Portfolio\\Azure-VM\\erpnbs\\vendor\\laravel\\framework\\src\\Illuminate\\Foundation\\Http\\Middleware\\TransformsRequest.php(21): Illuminate\\Pipeline\\Pipeline->Illuminate\\Pipeline\\{closure}(Object(Illuminate\\Http\\Request))
#49 C:\\xampp\\htdocs\\Portfolio\\Azure-VM\\erpnbs\\vendor\\laravel\\framework\\src\\Illuminate\\Foundation\\Http\\Middleware\\TrimStrings.php(40): Illuminate\\Foundation\\Http\\Middleware\\TransformsRequest->handle(Object(Illuminate\\Http\\Request), Object(Closure))
#50 C:\\xampp\\htdocs\\Portfolio\\Azure-VM\\erpnbs\\vendor\\laravel\\framework\\src\\Illuminate\\Pipeline\\Pipeline.php(180): Illuminate\\Foundation\\Http\\Middleware\\TrimStrings->handle(Object(Illuminate\\Http\\Request), Object(Closure))
#51 C:\\xampp\\htdocs\\Portfolio\\Azure-VM\\erpnbs\\vendor\\laravel\\framework\\src\\Illuminate\\Foundation\\Http\\Middleware\\ValidatePostSize.php(27): Illuminate\\Pipeline\\Pipeline->Illuminate\\Pipeline\\{closure}(Object(Illuminate\\Http\\Request))
#52 C:\\xampp\\htdocs\\Portfolio\\Azure-VM\\erpnbs\\vendor\\laravel\\framework\\src\\Illuminate\\Pipeline\\Pipeline.php(180): Illuminate\\Foundation\\Http\\Middleware\\ValidatePostSize->handle(Object(Illuminate\\Http\\Request), Object(Closure))
#53 C:\\xampp\\htdocs\\Portfolio\\Azure-VM\\erpnbs\\vendor\\laravel\\framework\\src\\Illuminate\\Foundation\\Http\\Middleware\\PreventRequestsDuringMaintenance.php(99): Illuminate\\Pipeline\\Pipeline->Illuminate\\Pipeline\\{closure}(Object(Illuminate\\Http\\Request))
#54 C:\\xampp\\htdocs\\Portfolio\\Azure-VM\\erpnbs\\vendor\\laravel\\framework\\src\\Illuminate\\Pipeline\\Pipeline.php(180): Illuminate\\Foundation\\Http\\Middleware\\PreventRequestsDuringMaintenance->handle(Object(Illuminate\\Http\\Request), Object(Closure))
#55 C:\\xampp\\htdocs\\Portfolio\\Azure-VM\\erpnbs\\vendor\\laravel\\framework\\src\\Illuminate\\Http\\Middleware\\HandleCors.php(49): Illuminate\\Pipeline\\Pipeline->Illuminate\\Pipeline\\{closure}(Object(Illuminate\\Http\\Request))
#56 C:\\xampp\\htdocs\\Portfolio\\Azure-VM\\erpnbs\\vendor\\laravel\\framework\\src\\Illuminate\\Pipeline\\Pipeline.php(180): Illuminate\\Http\\Middleware\\HandleCors->handle(Object(Illuminate\\Http\\Request), Object(Closure))
#57 C:\\xampp\\htdocs\\Portfolio\\Azure-VM\\erpnbs\\vendor\\laravel\\framework\\src\\Illuminate\\Http\\Middleware\\TrustProxies.php(39): Illuminate\\Pipeline\\Pipeline->Illuminate\\Pipeline\\{closure}(Object(Illuminate\\Http\\Request))
#58 C:\\xampp\\htdocs\\Portfolio\\Azure-VM\\erpnbs\\vendor\\laravel\\framework\\src\\Illuminate\\Pipeline\\Pipeline.php(180): Illuminate\\Http\\Middleware\\TrustProxies->handle(Object(Illuminate\\Http\\Request), Object(Closure))
#59 C:\\xampp\\htdocs\\Portfolio\\Azure-VM\\erpnbs\\vendor\\laravel\\framework\\src\\Illuminate\\Pipeline\\Pipeline.php(116): Illuminate\\Pipeline\\Pipeline->Illuminate\\Pipeline\\{closure}(Object(Illuminate\\Http\\Request))
#60 C:\\xampp\\htdocs\\Portfolio\\Azure-VM\\erpnbs\\vendor\\laravel\\framework\\src\\Illuminate\\Foundation\\Http\\Kernel.php(175): Illuminate\\Pipeline\\Pipeline->then(Object(Closure))
#61 C:\\xampp\\htdocs\\Portfolio\\Azure-VM\\erpnbs\\vendor\\laravel\\framework\\src\\Illuminate\\Foundation\\Http\\Kernel.php(144): Illuminate\\Foundation\\Http\\Kernel->sendRequestThroughRouter(Object(Illuminate\\Http\\Request))
#62 C:\\xampp\\htdocs\\Portfolio\\Azure-VM\\erpnbs\\public\\index.php(51): Illuminate\\Foundation\\Http\\Kernel->handle(Object(Illuminate\\Http\\Request))
#63 C:\\xampp\\htdocs\\Portfolio\\Azure-VM\\erpnbs\\vendor\\laravel\\framework\\src\\Illuminate\\Foundation\\resources\\server.php(16): require_once('C:\\\\xampp\\\\htdocs...')
#64 {main}
"} 
[2026-08-08 12:07:41] local.ERROR: Undefined array key "en" {"view":{"view":"C:\\xampp\\htdocs\\Portfolio\\Azure-VM\\erpnbs\\resources\\views\\auth\\login.blade.php","data":{"errors":"<pre class=sf-dump id=sf-dump-732424668 data-indent-pad=\"  \"><span class=sf-dump-note>Illuminate\\Support\\ViewErrorBag</span> {<a class=sf-dump-ref>#3247</a><samp data-depth=1 class=sf-dump-expanded>
  #<span class=sf-dump-protected title=\"Protected property\">bags</span>: []
</samp>}
</pre><script>Sfdump(\"sf-dump-732424668\", {\"maxDepth\":3,\"maxStringLength\":160})</script>
","lang":"<pre class=sf-dump id=sf-dump-1553450973 data-indent-pad=\"  \">\"<span class=sf-dump-str title=\"2 characters\">en</span>\"
</pre><script>Sfdump(\"sf-dump-1553450973\", {\"maxDepth\":3,\"maxStringLength\":160})</script>
","settings":"<pre class=sf-dump id=sf-dump-1666190871 data-indent-pad=\"  \"><span class=sf-dump-note>array:178</span> [<samp data-depth=1 class=sf-dump-expanded>
  \"<span class=sf-dump-key>site_currency</span>\" => \"<span class=sf-dump-str title=\"3 characters\">USD</span>\"
  \"<span class=sf-dump-key>site_currency_symbol</span>\" => \"<span class=sf-dump-str>$</span>\"
  \"<span class=sf-dump-key>site_currency_symbol_position</span>\" => \"<span class=sf-dump-str title=\"3 characters\">pre</span>\"
  \"<span class=sf-dump-key>site_date_format</span>\" => \"<span class=sf-dump-str title=\"6 characters\">M j, Y</span>\"
  \"<span class=sf-dump-key>site_time_format</span>\" => \"<span class=sf-dump-str title=\"5 characters\">g:i A</span>\"
  \"<span class=sf-dump-key>company_name</span>\" => \"\"
  \"<span class=sf-dump-key>company_address</span>\" => \"\"
  \"<span class=sf-dump-key>company_city</span>\" => \"\"
  \"<span class=sf-dump-key>company_state</span>\" => \"\"
  \"<span class=sf-dump-key>company_zipcode</span>\" => \"\"
  \"<span class=sf-dump-key>company_country</span>\" => \"\"
  \"<span class=sf-dump-key>company_telephone</span>\" => \"\"
  \"<span class=sf-dump-key>invoice_prefix</span>\" => \"<span class=sf-dump-str title=\"5 characters\">#INVO</span>\"
  \"<span class=sf-dump-key>invoice_color</span>\" => \"<span class=sf-dump-str title=\"6 characters\">ffffff</span>\"
  \"<span class=sf-dump-key>proposal_prefix</span>\" => \"<span class=sf-dump-str title=\"5 characters\">#PROP</span>\"
  \"<span class=sf-dump-key>proposal_color</span>\" => \"<span class=sf-dump-str title=\"6 characters\">ffffff</span>\"
  \"<span class=sf-dump-key>bill_prefix</span>\" => \"<span class=sf-dump-str title=\"5 characters\">#BILL</span>\"
  \"<span class=sf-dump-key>expense_prefix</span>\" => \"<span class=sf-dump-str title=\"4 characters\">#EXP</span>\"
  \"<span class=sf-dump-key>bill_color</span>\" => \"<span class=sf-dump-str title=\"6 characters\">ffffff</span>\"
  \"<span class=sf-dump-key>customer_prefix</span>\" => \"<span class=sf-dump-str title=\"5 characters\">#CUST</span>\"
  \"<span class=sf-dump-key>vender_prefix</span>\" => \"<span class=sf-dump-str title=\"5 characters\">#VEND</span>\"
  \"<span class=sf-dump-key>footer_title</span>\" => \"\"
  \"<span class=sf-dump-key>footer_notes</span>\" => \"\"
  \"<span class=sf-dump-key>invoice_template</span>\" => \"<span class=sf-dump-str title=\"9 characters\">template1</span>\"
  \"<span class=sf-dump-key>bill_template</span>\" => \"<span class=sf-dump-str title=\"9 characters\">template1</span>\"
  \"<span class=sf-dump-key>proposal_template</span>\" => \"<span class=sf-dump-str title=\"9 characters\">template1</span>\"
  \"<span class=sf-dump-key>registration_number</span>\" => \"\"
  \"<span class=sf-dump-key>vat_number</span>\" => \"\"
  \"<span class=sf-dump-key>default_language</span>\" => \"<span class=sf-dump-str title=\"2 characters\">en</span>\"
  \"<span class=sf-dump-key>enable_stripe</span>\" => \"\"
  \"<span class=sf-dump-key>enable_paypal</span>\" => \"\"
  \"<span class=sf-dump-key>paypal_mode</span>\" => \"\"
  \"<span class=sf-dump-key>paypal_client_id</span>\" => \"\"
  \"<span class=sf-dump-key>paypal_secret_key</span>\" => \"\"
  \"<span class=sf-dump-key>stripe_key</span>\" => \"\"
  \"<span class=sf-dump-key>stripe_secret</span>\" => \"\"
  \"<span class=sf-dump-key>decimal_number</span>\" => \"<span class=sf-dump-str>2</span>\"
  \"<span class=sf-dump-key>tax_type</span>\" => \"\"
  \"<span class=sf-dump-key>shipping_display</span>\" => \"<span class=sf-dump-str title=\"2 characters\">on</span>\"
  \"<span class=sf-dump-key>journal_prefix</span>\" => \"<span class=sf-dump-str title=\"4 characters\">#JUR</span>\"
  \"<span class=sf-dump-key>display_landing_page</span>\" => \"<span class=sf-dump-str title=\"2 characters\">on</span>\"
  \"<span class=sf-dump-key>employee_prefix</span>\" => \"<span class=sf-dump-str title=\"6 characters\">#EMP00</span>\"
  \"<span class=sf-dump-key>leave_status</span>\" => \"<span class=sf-dump-str>1</span>\"
  \"<span class=sf-dump-key>bug_prefix</span>\" => \"<span class=sf-dump-str title=\"6 characters\">#ISSUE</span>\"
  \"<span class=sf-dump-key>title_text</span>\" => \"\"
  \"<span class=sf-dump-key>footer_text</span>\" => \"\"
  \"<span class=sf-dump-key>company_start_time</span>\" => \"<span class=sf-dump-str title=\"5 characters\">09:00</span>\"
  \"<span class=sf-dump-key>company_end_time</span>\" => \"<span class=sf-dump-str title=\"5 characters\">18:00</span>\"
  \"<span class=sf-dump-key>gdpr_cookie</span>\" => \"<span class=sf-dump-str title=\"3 characters\">off</span>\"
  \"<span class=sf-dump-key>interval_time</span>\" => \"\"
  \"<span class=sf-dump-key>zoom_apikey</span>\" => \"\"
  \"<span class=sf-dump-key>zoom_apisecret</span>\" => \"\"
  \"<span class=sf-dump-key>slack_webhook</span>\" => \"\"
  \"<span class=sf-dump-key>telegram_accestoken</span>\" => \"\"
  \"<span class=sf-dump-key>telegram_chatid</span>\" => \"\"
  \"<span class=sf-dump-key>enable_signup</span>\" => \"<span class=sf-dump-str title=\"2 characters\">on</span>\"
  \"<span class=sf-dump-key>cookie_text</span>\" => \"<span class=sf-dump-str title=\"155 characters\">We use cookies to ensure that we give you the best experience on our website. If you continue to use this site we will assume that you are happy with it.<span class=\"sf-dump-default sf-dump-ns\">\\r\\n</span></span>\"
  \"<span class=sf-dump-key>company_logo_light</span>\" => \"<span class=sf-dump-str title=\"14 characters\">logo-light.png</span>\"
  \"<span class=sf-dump-key>company_logo_dark</span>\" => \"<span class=sf-dump-str title=\"13 characters\">logo-dark.png</span>\"
  \"<span class=sf-dump-key>company_favicon</span>\" => \"<span class=sf-dump-str title=\"11 characters\">favicon.png</span>\"
  \"<span class=sf-dump-key>cust_theme_bg</span>\" => \"<span class=sf-dump-str title=\"2 characters\">on</span>\"
  \"<span class=sf-dump-key>cust_darklayout</span>\" => \"<span class=sf-dump-str title=\"3 characters\">off</span>\"
  \"<span class=sf-dump-key>color</span>\" => \"\"
  \"<span class=sf-dump-key>SITE_RTL</span>\" => \"<span class=sf-dump-str title=\"3 characters\">off</span>\"
  \"<span class=sf-dump-key>purchase_prefix</span>\" => \"<span class=sf-dump-str title=\"4 characters\">#PUR</span>\"
  \"<span class=sf-dump-key>purchase_color</span>\" => \"<span class=sf-dump-str title=\"6 characters\">ffffff</span>\"
  \"<span class=sf-dump-key>purchase_template</span>\" => \"<span class=sf-dump-str title=\"9 characters\">template1</span>\"
  \"<span class=sf-dump-key>pos_color</span>\" => \"<span class=sf-dump-str title=\"6 characters\">ffffff</span>\"
  \"<span class=sf-dump-key>pos_template</span>\" => \"<span class=sf-dump-str title=\"9 characters\">template1</span>\"
  \"<span class=sf-dump-key>pos_prefix</span>\" => \"<span class=sf-dump-str title=\"4 characters\">#POS</span>\"
  \"<span class=sf-dump-key>quotation_prefix</span>\" => \"<span class=sf-dump-str title=\"4 characters\">#QUO</span>\"
  \"<span class=sf-dump-key>quotation_logo</span>\" => \"\"
  \"<span class=sf-dump-key>quotation_color</span>\" => \"<span class=sf-dump-str title=\"6 characters\">ffffff</span>\"
  \"<span class=sf-dump-key>quotation_template</span>\" => \"<span class=sf-dump-str title=\"9 characters\">template1</span>\"
  \"<span class=sf-dump-key>storage_setting</span>\" => \"<span class=sf-dump-str title=\"5 characters\">local</span>\"
  \"<span class=sf-dump-key>local_storage_validation</span>\" => \"<span class=sf-dump-str title=\"29 characters\">jpg,jpeg,png,xlsx,xls,csv,pdf</span>\"
  \"<span class=sf-dump-key>local_storage_max_upload_size</span>\" => \"<span class=sf-dump-str title=\"7 characters\">2048000</span>\"
  \"<span class=sf-dump-key>s3_key</span>\" => \"\"
  \"<span class=sf-dump-key>s3_secret</span>\" => \"\"
  \"<span class=sf-dump-key>s3_region</span>\" => \"\"
  \"<span class=sf-dump-key>s3_bucket</span>\" => \"\"
  \"<span class=sf-dump-key>s3_url</span>\" => \"\"
  \"<span class=sf-dump-key>s3_endpoint</span>\" => \"\"
  \"<span class=sf-dump-key>s3_max_upload_size</span>\" => \"\"
  \"<span class=sf-dump-key>s3_storage_validation</span>\" => \"\"
  \"<span class=sf-dump-key>wasabi_key</span>\" => \"\"
  \"<span class=sf-dump-key>wasabi_secret</span>\" => \"\"
  \"<span class=sf-dump-key>wasabi_region</span>\" => \"\"
  \"<span class=sf-dump-key>wasabi_bucket</span>\" => \"\"
  \"<span class=sf-dump-key>wasabi_url</span>\" => \"\"
  \"<span class=sf-dump-key>wasabi_root</span>\" => \"\"
  \"<span class=sf-dump-key>wasabi_max_upload_size</span>\" => \"\"
  \"<span class=sf-dump-key>wasabi_storage_validation</span>\" => \"\"
  \"<span class=sf-dump-key>purchase_logo</span>\" => \"\"
  \"<span class=sf-dump-key>proposal_logo</span>\" => \"\"
  \"<span class=sf-dump-key>invoice_logo</span>\" => \"\"
  \"<span class=sf-dump-key>pos_logo</span>\" => \"\"
  \"<span class=sf-dump-key>contract_prefix</span>\" => \"<span class=sf-dump-str title=\"4 characters\">#CON</span>\"
  \"<span class=sf-dump-key>barcode_type</span>\" => \"<span class=sf-dump-str title=\"7 characters\">code128</span>\"
  \"<span class=sf-dump-key>barcode_format</span>\" => \"<span class=sf-dump-str title=\"3 characters\">css</span>\"
  \"<span class=sf-dump-key>new_user</span>\" => \"<span class=sf-dump-str>1</span>\"
  \"<span class=sf-dump-key>new_client</span>\" => \"<span class=sf-dump-str>1</span>\"
  \"<span class=sf-dump-key>new_support_ticket</span>\" => \"<span class=sf-dump-str>1</span>\"
  \"<span class=sf-dump-key>lead_assigned</span>\" => \"<span class=sf-dump-str>1</span>\"
  \"<span class=sf-dump-key>deal_assigned</span>\" => \"<span class=sf-dump-str>1</span>\"
  \"<span class=sf-dump-key>new_award</span>\" => \"<span class=sf-dump-str>1</span>\"
  \"<span class=sf-dump-key>customer_invoice_sent</span>\" => \"<span class=sf-dump-str>1</span>\"
  \"<span class=sf-dump-key>new_invoice_payment</span>\" => \"<span class=sf-dump-str>1</span>\"
  \"<span class=sf-dump-key>new_payment_reminder</span>\" => \"<span class=sf-dump-str>1</span>\"
  \"<span class=sf-dump-key>new_bill_payment</span>\" => \"<span class=sf-dump-str>1</span>\"
  \"<span class=sf-dump-key>bill_resent</span>\" => \"<span class=sf-dump-str>1</span>\"
  \"<span class=sf-dump-key>proposal_sent</span>\" => \"<span class=sf-dump-str>1</span>\"
  \"<span class=sf-dump-key>complaint_resent</span>\" => \"<span class=sf-dump-str>1</span>\"
  \"<span class=sf-dump-key>leave_action_sent</span>\" => \"<span class=sf-dump-str>1</span>\"
  \"<span class=sf-dump-key>payslip_sent</span>\" => \"<span class=sf-dump-str>1</span>\"
  \"<span class=sf-dump-key>promotion_sent</span>\" => \"<span class=sf-dump-str>1</span>\"
  \"<span class=sf-dump-key>resignation_sent</span>\" => \"<span class=sf-dump-str>1</span>\"
  \"<span class=sf-dump-key>termination_sent</span>\" => \"<span class=sf-dump-str>1</span>\"
  \"<span class=sf-dump-key>transfer_sent</span>\" => \"<span class=sf-dump-str>1</span>\"
  \"<span class=sf-dump-key>trip_sent</span>\" => \"<span class=sf-dump-str>1</span>\"
  \"<span class=sf-dump-key>vender_bill_sent</span>\" => \"<span class=sf-dump-str>1</span>\"
  \"<span class=sf-dump-key>warning_sent</span>\" => \"<span class=sf-dump-str>1</span>\"
  \"<span class=sf-dump-key>new_contract</span>\" => \"<span class=sf-dump-str>1</span>\"
  \"<span class=sf-dump-key>new_project</span>\" => \"<span class=sf-dump-str>1</span>\"
  \"<span class=sf-dump-key>new_task</span>\" => \"<span class=sf-dump-str>1</span>\"
  \"<span class=sf-dump-key>task_status_updated</span>\" => \"<span class=sf-dump-str>1</span>\"
  \"<span class=sf-dump-key>new_leave</span>\" => \"<span class=sf-dump-str>1</span>\"
  \"<span class=sf-dump-key>project_assign_member</span>\" => \"<span class=sf-dump-str>1</span>\"
  \"<span class=sf-dump-key>vat_gst_number_switch</span>\" => \"<span class=sf-dump-str title=\"3 characters\">off</span>\"
  \"<span class=sf-dump-key>google_calendar_enable</span>\" => \"<span class=sf-dump-str title=\"3 characters\">off</span>\"
  \"<span class=sf-dump-key>google_calender_json_file</span>\" => \"\"
  \"<span class=sf-dump-key>enable_cookie</span>\" => \"<span class=sf-dump-str title=\"2 characters\">on</span>\"
  \"<span class=sf-dump-key>necessary_cookies</span>\" => \"<span class=sf-dump-str title=\"2 characters\">on</span>\"
  \"<span class=sf-dump-key>cookie_logging</span>\" => \"<span class=sf-dump-str title=\"2 characters\">on</span>\"
  \"<span class=sf-dump-key>cookie_title</span>\" => \"<span class=sf-dump-str title=\"15 characters\">We use cookies!</span>\"
  \"<span class=sf-dump-key>cookie_description</span>\" => \"<span class=sf-dump-str title=\"130 characters\">Hi, this website uses essential cookies to ensure its proper operation and tracking cookies to understand how you interact with it</span>\"
  \"<span class=sf-dump-key>strictly_cookie_title</span>\" => \"<span class=sf-dump-str title=\"26 characters\">Strictly necessary cookies</span>\"
  \"<span class=sf-dump-key>strictly_cookie_description</span>\" => \"<span class=sf-dump-str title=\"128 characters\">These cookies are essential for the proper functioning of my website. Without these cookies, the website would not work properly</span>\"
  \"<span class=sf-dump-key>more_information_description</span>\" => \"<span class=sf-dump-str title=\"88 characters\">For any queries in relation to our policy on cookies and your choices, please contact us</span>\"
  \"<span class=sf-dump-key>contactus_url</span>\" => \"<span class=sf-dump-str>#</span>\"
  \"<span class=sf-dump-key>twilio_sid</span>\" => \"\"
  \"<span class=sf-dump-key>twilio_token</span>\" => \"\"
  \"<span class=sf-dump-key>twilio_from</span>\" => \"\"
  \"<span class=sf-dump-key>ai_chatgpt_enable</span>\" => \"<span class=sf-dump-str title=\"3 characters\">off</span>\"
  \"<span class=sf-dump-key>chat_gpt_key</span>\" => \"\"
  \"<span class=sf-dump-key>chat_gpt_model</span>\" => \"\"
  \"<span class=sf-dump-key>ip_restrict</span>\" => \"<span class=sf-dump-str title=\"3 characters\">off</span>\"
  \"<span class=sf-dump-key>mail_driver</span>\" => \"\"
  \"<span class=sf-dump-key>mail_host</span>\" => \"\"
  \"<span class=sf-dump-key>mail_port</span>\" => \"\"
  \"<span class=sf-dump-key>mail_username</span>\" => \"\"
  \"<span class=sf-dump-key>mail_password</span>\" => \"\"
  \"<span class=sf-dump-key>mail_encryption</span>\" => \"\"
  \"<span class=sf-dump-key>mail_from_address</span>\" => \"\"
  \"<span class=sf-dump-key>mail_from_name</span>\" => \"\"
  \"<span class=sf-dump-key>timezone</span>\" => \"\"
  \"<span class=sf-dump-key>recaptcha_module</span>\" => \"\"
  \"<span class=sf-dump-key>google_recaptcha_key</span>\" => \"\"
  \"<span class=sf-dump-key>google_recaptcha_secret</span>\" => \"\"
  \"<span class=sf-dump-key>google_recaptcha_version</span>\" => \"\"
  \"<span class=sf-dump-key>pusher_app_id</span>\" => \"\"
  \"<span class=sf-dump-key>pusher_app_key</span>\" => \"\"
  \"<span class=sf-dump-key>pusher_app_secret</span>\" => \"\"
  \"<span class=sf-dump-key>pusher_app_cluster</span>\" => \"\"
  \"<span class=sf-dump-key>color_flag</span>\" => \"<span class=sf-dump-str title=\"5 characters\">false</span>\"
  \"<span class=sf-dump-key>currency_space</span>\" => \"<span class=sf-dump-str title=\"9 characters\">withspace</span>\"
  \"<span class=sf-dump-key>decimal_separator</span>\" => \"<span class=sf-dump-str title=\"3 characters\">dot</span>\"
  \"<span class=sf-dump-key>thousand_separator</span>\" => \"<span class=sf-dump-str title=\"3 characters\">dot</span>\"
  \"<span class=sf-dump-key>currency_symbol</span>\" => \"<span class=sf-dump-str title=\"18 characters\">withcurrencysymbol</span>\"
  \"<span class=sf-dump-key>float_number</span>\" => \"<span class=sf-dump-str title=\"5 characters\">comma</span>\"
  \"<span class=sf-dump-key>zkteco_api_url</span>\" => \"\"
  \"<span class=sf-dump-key>username</span>\" => \"\"
  \"<span class=sf-dump-key>user_password</span>\" => \"\"
  \"<span class=sf-dump-key>auth_token</span>\" => \"\"
  \"<span class=sf-dump-key>qr_display</span>\" => \"<span class=sf-dump-str title=\"2 characters\">on</span>\"
  \"<span class=sf-dump-key>bill_qr_display</span>\" => \"<span class=sf-dump-str title=\"2 characters\">on</span>\"
  \"<span class=sf-dump-key>invoice_qr_display</span>\" => \"<span class=sf-dump-str title=\"2 characters\">on</span>\"
  \"<span class=sf-dump-key>pos_purchase_qr_display</span>\" => \"<span class=sf-dump-str title=\"2 characters\">on</span>\"
</samp>]
</pre><script>Sfdump(\"sf-dump-1666190871\", {\"maxDepth\":3,\"maxStringLength\":160})</script>
"}},"exception":"[object] (Spatie\\LaravelIgnition\\Exceptions\\ViewException(code: 0): Undefined array key \"en\" at C:\\xampp\\htdocs\\Portfolio\\Azure-VM\\erpnbs\\vendor\\laravel\\framework\\src\\Illuminate\\Collections\\Collection.php:1732)
[stacktrace]
#0 C:\\xampp\\htdocs\\Portfolio\\Azure-VM\\erpnbs\\vendor\\laravel\\framework\\src\\Illuminate\\Foundation\\Bootstrap\\HandleExceptions.php(254): Illuminate\\Foundation\\Bootstrap\\HandleExceptions->handleError(2, 'Undefined array...', 'C:\\\\xampp\\\\htdocs...', 1732)
#1 C:\\xampp\\htdocs\\Portfolio\\Azure-VM\\erpnbs\\vendor\\laravel\\framework\\src\\Illuminate\\Collections\\Collection.php(1732): Illuminate\\Foundation\\Bootstrap\\HandleExceptions->Illuminate\\Foundation\\Bootstrap\\{closure}(2, 'Undefined array...', 'C:\\\\xampp\\\\htdocs...', 1732)
#2 C:\\xampp\\htdocs\\Portfolio\\Azure-VM\\erpnbs\\resources\\views\\auth\\login.blade.php(33): Illuminate\\Support\\Collection->offsetGet('en')
#3 C:\\xampp\\htdocs\\Portfolio\\Azure-VM\\erpnbs\\vendor\\laravel\\framework\\src\\Illuminate\\Filesystem\\Filesystem.php(124): require('C:\\\\xampp\\\\htdocs...')
#4 C:\\xampp\\htdocs\\Portfolio\\Azure-VM\\erpnbs\\vendor\\laravel\\framework\\src\\Illuminate\\Filesystem\\Filesystem.php(125): Illuminate\\Filesystem\\Filesystem::Illuminate\\Filesystem\\{closure}()
#5 C:\\xampp\\htdocs\\Portfolio\\Azure-VM\\erpnbs\\vendor\\laravel\\framework\\src\\Illuminate\\View\\Engines\\PhpEngine.php(58): Illuminate\\Filesystem\\Filesystem->getRequire('C:\\\\xampp\\\\htdocs...', Array)
#6 C:\\xampp\\htdocs\\Portfolio\\Azure-VM\\erpnbs\\vendor\\laravel\\framework\\src\\Illuminate\\View\\Engines\\CompilerEngine.php(72): Illuminate\\View\\Engines\\PhpEngine->evaluatePath('C:\\\\xampp\\\\htdocs...', Array)
#7 C:\\xampp\\htdocs\\Portfolio\\Azure-VM\\erpnbs\\vendor\\laravel\\framework\\src\\Illuminate\\View\\View.php(195): Illuminate\\View\\Engines\\CompilerEngine->get('C:\\\\xampp\\\\htdocs...', Array)
#8 C:\\xampp\\htdocs\\Portfolio\\Azure-VM\\erpnbs\\vendor\\laravel\\framework\\src\\Illuminate\\View\\View.php(178): Illuminate\\View\\View->getContents()
#9 C:\\xampp\\htdocs\\Portfolio\\Azure-VM\\erpnbs\\vendor\\laravel\\framework\\src\\Illuminate\\View\\View.php(147): Illuminate\\View\\View->renderContents()
#10 C:\\xampp\\htdocs\\Portfolio\\Azure-VM\\erpnbs\\vendor\\laravel\\framework\\src\\Illuminate\\Http\\Response.php(69): Illuminate\\View\\View->render()
#11 C:\\xampp\\htdocs\\Portfolio\\Azure-VM\\erpnbs\\vendor\\laravel\\framework\\src\\Illuminate\\Http\\Response.php(35): Illuminate\\Http\\Response->setContent(Object(Illuminate\\View\\View))
#12 C:\\xampp\\htdocs\\Portfolio\\Azure-VM\\erpnbs\\vendor\\laravel\\framework\\src\\Illuminate\\Routing\\Router.php(906): Illuminate\\Http\\Response->__construct(Object(Illuminate\\View\\View), 200, Array)
#13 C:\\xampp\\htdocs\\Portfolio\\Azure-VM\\erpnbs\\vendor\\laravel\\framework\\src\\Illuminate\\Routing\\Router.php(875): Illuminate\\Routing\\Router::toResponse(Object(Illuminate\\Http\\Request), Object(Illuminate\\View\\View))
#14 C:\\xampp\\htdocs\\Portfolio\\Azure-VM\\erpnbs\\vendor\\laravel\\framework\\src\\Illuminate\\Routing\\Router.php(797): Illuminate\\Routing\\Router->prepareResponse(Object(Illuminate\\Http\\Request), Object(Illuminate\\View\\View))
#15 C:\\xampp\\htdocs\\Portfolio\\Azure-VM\\erpnbs\\vendor\\laravel\\framework\\src\\Illuminate\\Pipeline\\Pipeline.php(141): Illuminate\\Routing\\Router->Illuminate\\Routing\\{closure}(Object(Illuminate\\Http\\Request))
#16 C:\\xampp\\htdocs\\Portfolio\\Azure-VM\\erpnbs\\app\\Http\\Middleware\\RedirectIfAuthenticated.php(30): Illuminate\\Pipeline\\Pipeline->Illuminate\\Pipeline\\{closure}(Object(Illuminate\\Http\\Request))
#17 C:\\xampp\\htdocs\\Portfolio\\Azure-VM\\erpnbs\\vendor\\laravel\\framework\\src\\Illuminate\\Pipeline\\Pipeline.php(180): App\\Http\\Middleware\\RedirectIfAuthenticated->handle(Object(Illuminate\\Http\\Request), Object(Closure))
#18 C:\\xampp\\htdocs\\Portfolio\\Azure-VM\\erpnbs\\app\\Http\\Middleware\\CheckExpiryTime.php(55): Illuminate\\Pipeline\\Pipeline->Illuminate\\Pipeline\\{closure}(Object(Illuminate\\Http\\Request))
#19 C:\\xampp\\htdocs\\Portfolio\\Azure-VM\\erpnbs\\vendor\\laravel\\framework\\src\\Illuminate\\Pipeline\\Pipeline.php(180): App\\Http\\Middleware\\CheckExpiryTime->handle(Object(Illuminate\\Http\\Request), Object(Closure))
#20 C:\\xampp\\htdocs\\Portfolio\\Azure-VM\\erpnbs\\vendor\\laravel\\framework\\src\\Illuminate\\Routing\\Middleware\\SubstituteBindings.php(50): Illuminate\\Pipeline\\Pipeline->Illuminate\\Pipeline\\{closure}(Object(Illuminate\\Http\\Request))
#21 C:\\xampp\\htdocs\\Portfolio\\Azure-VM\\erpnbs\\vendor\\laravel\\framework\\src\\Illuminate\\Pipeline\\Pipeline.php(180): Illuminate\\Routing\\Middleware\\SubstituteBindings->handle(Object(Illuminate\\Http\\Request), Object(Closure))
#22 C:\\xampp\\htdocs\\Portfolio\\Azure-VM\\erpnbs\\vendor\\laravel\\framework\\src\\Illuminate\\Foundation\\Http\\Middleware\\VerifyCsrfToken.php(78): Illuminate\\Pipeline\\Pipeline->Illuminate\\Pipeline\\{closure}(Object(Illuminate\\Http\\Request))
#23 C:\\xampp\\htdocs\\Portfolio\\Azure-VM\\erpnbs\\vendor\\laravel\\framework\\src\\Illuminate\\Pipeline\\Pipeline.php(180): Illuminate\\Foundation\\Http\\Middleware\\VerifyCsrfToken->handle(Object(Illuminate\\Http\\Request), Object(Closure))
#24 C:\\xampp\\htdocs\\Portfolio\\Azure-VM\\erpnbs\\vendor\\laravel\\framework\\src\\Illuminate\\View\\Middleware\\ShareErrorsFromSession.php(49): Illuminate\\Pipeline\\Pipeline->Illuminate\\Pipeline\\{closure}(Object(Illuminate\\Http\\Request))
#25 C:\\xampp\\htdocs\\Portfolio\\Azure-VM\\erpnbs\\vendor\\laravel\\framework\\src\\Illuminate\\Pipeline\\Pipeline.php(180): Illuminate\\View\\Middleware\\ShareErrorsFromSession->handle(Object(Illuminate\\Http\\Request), Object(Closure))
#26 C:\\xampp\\htdocs\\Portfolio\\Azure-VM\\erpnbs\\vendor\\laravel\\framework\\src\\Illuminate\\Session\\Middleware\\StartSession.php(121): Illuminate\\Pipeline\\Pipeline->Illuminate\\Pipeline\\{closure}(Object(Illuminate\\Http\\Request))
#27 C:\\xampp\\htdocs\\Portfolio\\Azure-VM\\erpnbs\\vendor\\laravel\\framework\\src\\Illuminate\\Session\\Middleware\\StartSession.php(64): Illuminate\\Session\\Middleware\\StartSession->handleStatefulRequest(Object(Illuminate\\Http\\Request), Object(Illuminate\\Session\\Store), Object(Closure))
#28 C:\\xampp\\htdocs\\Portfolio\\Azure-VM\\erpnbs\\vendor\\laravel\\framework\\src\\Illuminate\\Pipeline\\Pipeline.php(180): Illuminate\\Session\\Middleware\\StartSession->handle(Object(Illuminate\\Http\\Request), Object(Closure))
#29 C:\\xampp\\htdocs\\Portfolio\\Azure-VM\\erpnbs\\vendor\\laravel\\framework\\src\\Illuminate\\Cookie\\Middleware\\AddQueuedCookiesToResponse.php(37): Illuminate\\Pipeline\\Pipeline->Illuminate\\Pipeline\\{closure}(Object(Illuminate\\Http\\Request))
#30 C:\\xampp\\htdocs\\Portfolio\\Azure-VM\\erpnbs\\vendor\\laravel\\framework\\src\\Illuminate\\Pipeline\\Pipeline.php(180): Illuminate\\Cookie\\Middleware\\AddQueuedCookiesToResponse->handle(Object(Illuminate\\Http\\Request), Object(Closure))
#31 C:\\xampp\\htdocs\\Portfolio\\Azure-VM\\erpnbs\\vendor\\laravel\\framework\\src\\Illuminate\\Cookie\\Middleware\\EncryptCookies.php(67): Illuminate\\Pipeline\\Pipeline->Illuminate\\Pipeline\\{closure}(Object(Illuminate\\Http\\Request))
#32 C:\\xampp\\htdocs\\Portfolio\\Azure-VM\\erpnbs\\vendor\\laravel\\framework\\src\\Illuminate\\Pipeline\\Pipeline.php(180): Illuminate\\Cookie\\Middleware\\EncryptCookies->handle(Object(Illuminate\\Http\\Request), Object(Closure))
#33 C:\\xampp\\htdocs\\Portfolio\\Azure-VM\\erpnbs\\vendor\\laravel\\framework\\src\\Illuminate\\Pipeline\\Pipeline.php(116): Illuminate\\Pipeline\\Pipeline->Illuminate\\Pipeline\\{closure}(Object(Illuminate\\Http\\Request))
#34 C:\\xampp\\htdocs\\Portfolio\\Azure-VM\\erpnbs\\vendor\\laravel\\framework\\src\\Illuminate\\Routing\\Router.php(797): Illuminate\\Pipeline\\Pipeline->then(Object(Closure))
#35 C:\\xampp\\htdocs\\Portfolio\\Azure-VM\\erpnbs\\vendor\\laravel\\framework\\src\\Illuminate\\Routing\\Router.php(776): Illuminate\\Routing\\Router->runRouteWithinStack(Object(Illuminate\\Routing\\Route), Object(Illuminate\\Http\\Request))
#36 C:\\xampp\\htdocs\\Portfolio\\Azure-VM\\erpnbs\\vendor\\laravel\\framework\\src\\Illuminate\\Routing\\Router.php(740): Illuminate\\Routing\\Router->runRoute(Object(Illuminate\\Http\\Request), Object(Illuminate\\Routing\\Route))
#37 C:\\xampp\\htdocs\\Portfolio\\Azure-VM\\erpnbs\\vendor\\laravel\\framework\\src\\Illuminate\\Routing\\Router.php(729): Illuminate\\Routing\\Router->dispatchToRoute(Object(Illuminate\\Http\\Request))
#38 C:\\xampp\\htdocs\\Portfolio\\Azure-VM\\erpnbs\\vendor\\laravel\\framework\\src\\Illuminate\\Foundation\\Http\\Kernel.php(200): Illuminate\\Routing\\Router->dispatch(Object(Illuminate\\Http\\Request))
#39 C:\\xampp\\htdocs\\Portfolio\\Azure-VM\\erpnbs\\vendor\\laravel\\framework\\src\\Illuminate\\Pipeline\\Pipeline.php(141): Illuminate\\Foundation\\Http\\Kernel->Illuminate\\Foundation\\Http\\{closure}(Object(Illuminate\\Http\\Request))
#40 C:\\xampp\\htdocs\\Portfolio\\Azure-VM\\erpnbs\\vendor\\barryvdh\\laravel-debugbar\\src\\Middleware\\InjectDebugbar.php(59): Illuminate\\Pipeline\\Pipeline->Illuminate\\Pipeline\\{closure}(Object(Illuminate\\Http\\Request))
#41 C:\\xampp\\htdocs\\Portfolio\\Azure-VM\\erpnbs\\vendor\\laravel\\framework\\src\\Illuminate\\Pipeline\\Pipeline.php(180): Barryvdh\\Debugbar\\Middleware\\InjectDebugbar->handle(Object(Illuminate\\Http\\Request), Object(Closure))
#42 C:\\xampp\\htdocs\\Portfolio\\Azure-VM\\erpnbs\\vendor\\laravel\\framework\\src\\Illuminate\\Foundation\\Http\\Middleware\\TransformsRequest.php(21): Illuminate\\Pipeline\\Pipeline->Illuminate\\Pipeline\\{closure}(Object(Illuminate\\Http\\Request))
#43 C:\\xampp\\htdocs\\Portfolio\\Azure-VM\\erpnbs\\vendor\\laravel\\framework\\src\\Illuminate\\Foundation\\Http\\Middleware\\ConvertEmptyStringsToNull.php(31): Illuminate\\Foundation\\Http\\Middleware\\TransformsRequest->handle(Object(Illuminate\\Http\\Request), Object(Closure))
#44 C:\\xampp\\htdocs\\Portfolio\\Azure-VM\\erpnbs\\vendor\\laravel\\framework\\src\\Illuminate\\Pipeline\\Pipeline.php(180): Illuminate\\Foundation\\Http\\Middleware\\ConvertEmptyStringsToNull->handle(Object(Illuminate\\Http\\Request), Object(Closure))
#45 C:\\xampp\\htdocs\\Portfolio\\Azure-VM\\erpnbs\\vendor\\laravel\\framework\\src\\Illuminate\\Foundation\\Http\\Middleware\\TransformsRequest.php(21): Illuminate\\Pipeline\\Pipeline->Illuminate\\Pipeline\\{closure}(Object(Illuminate\\Http\\Request))
#46 C:\\xampp\\htdocs\\Portfolio\\Azure-VM\\erpnbs\\vendor\\laravel\\framework\\src\\Illuminate\\Foundation\\Http\\Middleware\\TrimStrings.php(40): Illuminate\\Foundation\\Http\\Middleware\\TransformsRequest->handle(Object(Illuminate\\Http\\Request), Object(Closure))
#47 C:\\xampp\\htdocs\\Portfolio\\Azure-VM\\erpnbs\\vendor\\laravel\\framework\\src\\Illuminate\\Pipeline\\Pipeline.php(180): Illuminate\\Foundation\\Http\\Middleware\\TrimStrings->handle(Object(Illuminate\\Http\\Request), Object(Closure))
#48 C:\\xampp\\htdocs\\Portfolio\\Azure-VM\\erpnbs\\vendor\\laravel\\framework\\src\\Illuminate\\Foundation\\Http\\Middleware\\ValidatePostSize.php(27): Illuminate\\Pipeline\\Pipeline->Illuminate\\Pipeline\\{closure}(Object(Illuminate\\Http\\Request))
#49 C:\\xampp\\htdocs\\Portfolio\\Azure-VM\\erpnbs\\vendor\\laravel\\framework\\src\\Illuminate\\Pipeline\\Pipeline.php(180): Illuminate\\Foundation\\Http\\Middleware\\ValidatePostSize->handle(Object(Illuminate\\Http\\Request), Object(Closure))
#50 C:\\xampp\\htdocs\\Portfolio\\Azure-VM\\erpnbs\\vendor\\laravel\\framework\\src\\Illuminate\\Foundation\\Http\\Middleware\\PreventRequestsDuringMaintenance.php(99): Illuminate\\Pipeline\\Pipeline->Illuminate\\Pipeline\\{closure}(Object(Illuminate\\Http\\Request))
#51 C:\\xampp\\htdocs\\Portfolio\\Azure-VM\\erpnbs\\vendor\\laravel\\framework\\src\\Illuminate\\Pipeline\\Pipeline.php(180): Illuminate\\Foundation\\Http\\Middleware\\PreventRequestsDuringMaintenance->handle(Object(Illuminate\\Http\\Request), Object(Closure))
#52 C:\\xampp\\htdocs\\Portfolio\\Azure-VM\\erpnbs\\vendor\\laravel\\framework\\src\\Illuminate\\Http\\Middleware\\HandleCors.php(49): Illuminate\\Pipeline\\Pipeline->Illuminate\\Pipeline\\{closure}(Object(Illuminate\\Http\\Request))
#53 C:\\xampp\\htdocs\\Portfolio\\Azure-VM\\erpnbs\\vendor\\laravel\\framework\\src\\Illuminate\\Pipeline\\Pipeline.php(180): Illuminate\\Http\\Middleware\\HandleCors->handle(Object(Illuminate\\Http\\Request), Object(Closure))
#54 C:\\xampp\\htdocs\\Portfolio\\Azure-VM\\erpnbs\\vendor\\laravel\\framework\\src\\Illuminate\\Http\\Middleware\\TrustProxies.php(39): Illuminate\\Pipeline\\Pipeline->Illuminate\\Pipeline\\{closure}(Object(Illuminate\\Http\\Request))
#55 C:\\xampp\\htdocs\\Portfolio\\Azure-VM\\erpnbs\\vendor\\laravel\\framework\\src\\Illuminate\\Pipeline\\Pipeline.php(180): Illuminate\\Http\\Middleware\\TrustProxies->handle(Object(Illuminate\\Http\\Request), Object(Closure))
#56 C:\\xampp\\htdocs\\Portfolio\\Azure-VM\\erpnbs\\vendor\\laravel\\framework\\src\\Illuminate\\Pipeline\\Pipeline.php(116): Illuminate\\Pipeline\\Pipeline->Illuminate\\Pipeline\\{closure}(Object(Illuminate\\Http\\Request))
#57 C:\\xampp\\htdocs\\Portfolio\\Azure-VM\\erpnbs\\vendor\\laravel\\framework\\src\\Illuminate\\Foundation\\Http\\Kernel.php(175): Illuminate\\Pipeline\\Pipeline->then(Object(Closure))
#58 C:\\xampp\\htdocs\\Portfolio\\Azure-VM\\erpnbs\\vendor\\laravel\\framework\\src\\Illuminate\\Foundation\\Http\\Kernel.php(144): Illuminate\\Foundation\\Http\\Kernel->sendRequestThroughRouter(Object(Illuminate\\Http\\Request))
#59 C:\\xampp\\htdocs\\Portfolio\\Azure-VM\\erpnbs\\public\\index.php(51): Illuminate\\Foundation\\Http\\Kernel->handle(Object(Illuminate\\Http\\Request))
#60 C:\\xampp\\htdocs\\Portfolio\\Azure-VM\\erpnbs\\vendor\\laravel\\framework\\src\\Illuminate\\Foundation\\resources\\server.php(16): require_once('C:\\\\xampp\\\\htdocs...')
#61 {main}

[previous exception] [object] (ErrorException(code: 0): Undefined array key \"en\" at C:\\xampp\\htdocs\\Portfolio\\Azure-VM\\erpnbs\\vendor\\laravel\\framework\\src\\Illuminate\\Collections\\Collection.php:1732)
[stacktrace]
#0 C:\\xampp\\htdocs\\Portfolio\\Azure-VM\\erpnbs\\vendor\\laravel\\framework\\src\\Illuminate\\Foundation\\Bootstrap\\HandleExceptions.php(254): Illuminate\\Foundation\\Bootstrap\\HandleExceptions->handleError(2, 'Undefined array...', 'C:\\\\xampp\\\\htdocs...', 1732)
#1 C:\\xampp\\htdocs\\Portfolio\\Azure-VM\\erpnbs\\vendor\\laravel\\framework\\src\\Illuminate\\Collections\\Collection.php(1732): Illuminate\\Foundation\\Bootstrap\\HandleExceptions->Illuminate\\Foundation\\Bootstrap\\{closure}(2, 'Undefined array...', 'C:\\\\xampp\\\\htdocs...', 1732)
#2 C:\\xampp\\htdocs\\Portfolio\\Azure-VM\\erpnbs\\storage\\framework\\views\\7e8eff52e000cb16485e906b8a2541f8.php(35): Illuminate\\Support\\Collection->offsetGet('en')
#3 C:\\xampp\\htdocs\\Portfolio\\Azure-VM\\erpnbs\\vendor\\laravel\\framework\\src\\Illuminate\\Filesystem\\Filesystem.php(124): require('C:\\\\xampp\\\\htdocs...')
#4 C:\\xampp\\htdocs\\Portfolio\\Azure-VM\\erpnbs\\vendor\\laravel\\framework\\src\\Illuminate\\Filesystem\\Filesystem.php(125): Illuminate\\Filesystem\\Filesystem::Illuminate\\Filesystem\\{closure}()
#5 C:\\xampp\\htdocs\\Portfolio\\Azure-VM\\erpnbs\\vendor\\laravel\\framework\\src\\Illuminate\\View\\Engines\\PhpEngine.php(58): Illuminate\\Filesystem\\Filesystem->getRequire('C:\\\\xampp\\\\htdocs...', Array)
#6 C:\\xampp\\htdocs\\Portfolio\\Azure-VM\\erpnbs\\vendor\\laravel\\framework\\src\\Illuminate\\View\\Engines\\CompilerEngine.php(72): Illuminate\\View\\Engines\\PhpEngine->evaluatePath('C:\\\\xampp\\\\htdocs...', Array)
#7 C:\\xampp\\htdocs\\Portfolio\\Azure-VM\\erpnbs\\vendor\\laravel\\framework\\src\\Illuminate\\View\\View.php(195): Illuminate\\View\\Engines\\CompilerEngine->get('C:\\\\xampp\\\\htdocs...', Array)
#8 C:\\xampp\\htdocs\\Portfolio\\Azure-VM\\erpnbs\\vendor\\laravel\\framework\\src\\Illuminate\\View\\View.php(178): Illuminate\\View\\View->getContents()
#9 C:\\xampp\\htdocs\\Portfolio\\Azure-VM\\erpnbs\\vendor\\laravel\\framework\\src\\Illuminate\\View\\View.php(147): Illuminate\\View\\View->renderContents()
#10 C:\\xampp\\htdocs\\Portfolio\\Azure-VM\\erpnbs\\vendor\\laravel\\framework\\src\\Illuminate\\Http\\Response.php(69): Illuminate\\View\\View->render()
#11 C:\\xampp\\htdocs\\Portfolio\\Azure-VM\\erpnbs\\vendor\\laravel\\framework\\src\\Illuminate\\Http\\Response.php(35): Illuminate\\Http\\Response->setContent(Object(Illuminate\\View\\View))
#12 C:\\xampp\\htdocs\\Portfolio\\Azure-VM\\erpnbs\\vendor\\laravel\\framework\\src\\Illuminate\\Routing\\Router.php(906): Illuminate\\Http\\Response->__construct(Object(Illuminate\\View\\View), 200, Array)
#13 C:\\xampp\\htdocs\\Portfolio\\Azure-VM\\erpnbs\\vendor\\laravel\\framework\\src\\Illuminate\\Routing\\Router.php(875): Illuminate\\Routing\\Router::toResponse(Object(Illuminate\\Http\\Request), Object(Illuminate\\View\\View))
#14 C:\\xampp\\htdocs\\Portfolio\\Azure-VM\\erpnbs\\vendor\\laravel\\framework\\src\\Illuminate\\Routing\\Router.php(797): Illuminate\\Routing\\Router->prepareResponse(Object(Illuminate\\Http\\Request), Object(Illuminate\\View\\View))
#15 C:\\xampp\\htdocs\\Portfolio\\Azure-VM\\erpnbs\\vendor\\laravel\\framework\\src\\Illuminate\\Pipeline\\Pipeline.php(141): Illuminate\\Routing\\Router->Illuminate\\Routing\\{closure}(Object(Illuminate\\Http\\Request))
#16 C:\\xampp\\htdocs\\Portfolio\\Azure-VM\\erpnbs\\app\\Http\\Middleware\\RedirectIfAuthenticated.php(30): Illuminate\\Pipeline\\Pipeline->Illuminate\\Pipeline\\{closure}(Object(Illuminate\\Http\\Request))
#17 C:\\xampp\\htdocs\\Portfolio\\Azure-VM\\erpnbs\\vendor\\laravel\\framework\\src\\Illuminate\\Pipeline\\Pipeline.php(180): App\\Http\\Middleware\\RedirectIfAuthenticated->handle(Object(Illuminate\\Http\\Request), Object(Closure))
#18 C:\\xampp\\htdocs\\Portfolio\\Azure-VM\\erpnbs\\app\\Http\\Middleware\\CheckExpiryTime.php(55): Illuminate\\Pipeline\\Pipeline->Illuminate\\Pipeline\\{closure}(Object(Illuminate\\Http\\Request))
#19 C:\\xampp\\htdocs\\Portfolio\\Azure-VM\\erpnbs\\vendor\\laravel\\framework\\src\\Illuminate\\Pipeline\\Pipeline.php(180): App\\Http\\Middleware\\CheckExpiryTime->handle(Object(Illuminate\\Http\\Request), Object(Closure))
#20 C:\\xampp\\htdocs\\Portfolio\\Azure-VM\\erpnbs\\vendor\\laravel\\framework\\src\\Illuminate\\Routing\\Middleware\\SubstituteBindings.php(50): Illuminate\\Pipeline\\Pipeline->Illuminate\\Pipeline\\{closure}(Object(Illuminate\\Http\\Request))
#21 C:\\xampp\\htdocs\\Portfolio\\Azure-VM\\erpnbs\\vendor\\laravel\\framework\\src\\Illuminate\\Pipeline\\Pipeline.php(180): Illuminate\\Routing\\Middleware\\SubstituteBindings->handle(Object(Illuminate\\Http\\Request), Object(Closure))
#22 C:\\xampp\\htdocs\\Portfolio\\Azure-VM\\erpnbs\\vendor\\laravel\\framework\\src\\Illuminate\\Foundation\\Http\\Middleware\\VerifyCsrfToken.php(78): Illuminate\\Pipeline\\Pipeline->Illuminate\\Pipeline\\{closure}(Object(Illuminate\\Http\\Request))
#23 C:\\xampp\\htdocs\\Portfolio\\Azure-VM\\erpnbs\\vendor\\laravel\\framework\\src\\Illuminate\\Pipeline\\Pipeline.php(180): Illuminate\\Foundation\\Http\\Middleware\\VerifyCsrfToken->handle(Object(Illuminate\\Http\\Request), Object(Closure))
#24 C:\\xampp\\htdocs\\Portfolio\\Azure-VM\\erpnbs\\vendor\\laravel\\framework\\src\\Illuminate\\View\\Middleware\\ShareErrorsFromSession.php(49): Illuminate\\Pipeline\\Pipeline->Illuminate\\Pipeline\\{closure}(Object(Illuminate\\Http\\Request))
#25 C:\\xampp\\htdocs\\Portfolio\\Azure-VM\\erpnbs\\vendor\\laravel\\framework\\src\\Illuminate\\Pipeline\\Pipeline.php(180): Illuminate\\View\\Middleware\\ShareErrorsFromSession->handle(Object(Illuminate\\Http\\Request), Object(Closure))
#26 C:\\xampp\\htdocs\\Portfolio\\Azure-VM\\erpnbs\\vendor\\laravel\\framework\\src\\Illuminate\\Session\\Middleware\\StartSession.php(121): Illuminate\\Pipeline\\Pipeline->Illuminate\\Pipeline\\{closure}(Object(Illuminate\\Http\\Request))
#27 C:\\xampp\\htdocs\\Portfolio\\Azure-VM\\erpnbs\\vendor\\laravel\\framework\\src\\Illuminate\\Session\\Middleware\\StartSession.php(64): Illuminate\\Session\\Middleware\\StartSession->handleStatefulRequest(Object(Illuminate\\Http\\Request), Object(Illuminate\\Session\\Store), Object(Closure))
#28 C:\\xampp\\htdocs\\Portfolio\\Azure-VM\\erpnbs\\vendor\\laravel\\framework\\src\\Illuminate\\Pipeline\\Pipeline.php(180): Illuminate\\Session\\Middleware\\StartSession->handle(Object(Illuminate\\Http\\Request), Object(Closure))
#29 C:\\xampp\\htdocs\\Portfolio\\Azure-VM\\erpnbs\\vendor\\laravel\\framework\\src\\Illuminate\\Cookie\\Middleware\\AddQueuedCookiesToResponse.php(37): Illuminate\\Pipeline\\Pipeline->Illuminate\\Pipeline\\{closure}(Object(Illuminate\\Http\\Request))
#30 C:\\xampp\\htdocs\\Portfolio\\Azure-VM\\erpnbs\\vendor\\laravel\\framework\\src\\Illuminate\\Pipeline\\Pipeline.php(180): Illuminate\\Cookie\\Middleware\\AddQueuedCookiesToResponse->handle(Object(Illuminate\\Http\\Request), Object(Closure))
#31 C:\\xampp\\htdocs\\Portfolio\\Azure-VM\\erpnbs\\vendor\\laravel\\framework\\src\\Illuminate\\Cookie\\Middleware\\EncryptCookies.php(67): Illuminate\\Pipeline\\Pipeline->Illuminate\\Pipeline\\{closure}(Object(Illuminate\\Http\\Request))
#32 C:\\xampp\\htdocs\\Portfolio\\Azure-VM\\erpnbs\\vendor\\laravel\\framework\\src\\Illuminate\\Pipeline\\Pipeline.php(180): Illuminate\\Cookie\\Middleware\\EncryptCookies->handle(Object(Illuminate\\Http\\Request), Object(Closure))
#33 C:\\xampp\\htdocs\\Portfolio\\Azure-VM\\erpnbs\\vendor\\laravel\\framework\\src\\Illuminate\\Pipeline\\Pipeline.php(116): Illuminate\\Pipeline\\Pipeline->Illuminate\\Pipeline\\{closure}(Object(Illuminate\\Http\\Request))
#34 C:\\xampp\\htdocs\\Portfolio\\Azure-VM\\erpnbs\\vendor\\laravel\\framework\\src\\Illuminate\\Routing\\Router.php(797): Illuminate\\Pipeline\\Pipeline->then(Object(Closure))
#35 C:\\xampp\\htdocs\\Portfolio\\Azure-VM\\erpnbs\\vendor\\laravel\\framework\\src\\Illuminate\\Routing\\Router.php(776): Illuminate\\Routing\\Router->runRouteWithinStack(Object(Illuminate\\Routing\\Route), Object(Illuminate\\Http\\Request))
#36 C:\\xampp\\htdocs\\Portfolio\\Azure-VM\\erpnbs\\vendor\\laravel\\framework\\src\\Illuminate\\Routing\\Router.php(740): Illuminate\\Routing\\Router->runRoute(Object(Illuminate\\Http\\Request), Object(Illuminate\\Routing\\Route))
#37 C:\\xampp\\htdocs\\Portfolio\\Azure-VM\\erpnbs\\vendor\\laravel\\framework\\src\\Illuminate\\Routing\\Router.php(729): Illuminate\\Routing\\Router->dispatchToRoute(Object(Illuminate\\Http\\Request))
#38 C:\\xampp\\htdocs\\Portfolio\\Azure-VM\\erpnbs\\vendor\\laravel\\framework\\src\\Illuminate\\Foundation\\Http\\Kernel.php(200): Illuminate\\Routing\\Router->dispatch(Object(Illuminate\\Http\\Request))
#39 C:\\xampp\\htdocs\\Portfolio\\Azure-VM\\erpnbs\\vendor\\laravel\\framework\\src\\Illuminate\\Pipeline\\Pipeline.php(141): Illuminate\\Foundation\\Http\\Kernel->Illuminate\\Foundation\\Http\\{closure}(Object(Illuminate\\Http\\Request))
#40 C:\\xampp\\htdocs\\Portfolio\\Azure-VM\\erpnbs\\vendor\\barryvdh\\laravel-debugbar\\src\\Middleware\\InjectDebugbar.php(59): Illuminate\\Pipeline\\Pipeline->Illuminate\\Pipeline\\{closure}(Object(Illuminate\\Http\\Request))
#41 C:\\xampp\\htdocs\\Portfolio\\Azure-VM\\erpnbs\\vendor\\laravel\\framework\\src\\Illuminate\\Pipeline\\Pipeline.php(180): Barryvdh\\Debugbar\\Middleware\\InjectDebugbar->handle(Object(Illuminate\\Http\\Request), Object(Closure))
#42 C:\\xampp\\htdocs\\Portfolio\\Azure-VM\\erpnbs\\vendor\\laravel\\framework\\src\\Illuminate\\Foundation\\Http\\Middleware\\TransformsRequest.php(21): Illuminate\\Pipeline\\Pipeline->Illuminate\\Pipeline\\{closure}(Object(Illuminate\\Http\\Request))
#43 C:\\xampp\\htdocs\\Portfolio\\Azure-VM\\erpnbs\\vendor\\laravel\\framework\\src\\Illuminate\\Foundation\\Http\\Middleware\\ConvertEmptyStringsToNull.php(31): Illuminate\\Foundation\\Http\\Middleware\\TransformsRequest->handle(Object(Illuminate\\Http\\Request), Object(Closure))
#44 C:\\xampp\\htdocs\\Portfolio\\Azure-VM\\erpnbs\\vendor\\laravel\\framework\\src\\Illuminate\\Pipeline\\Pipeline.php(180): Illuminate\\Foundation\\Http\\Middleware\\ConvertEmptyStringsToNull->handle(Object(Illuminate\\Http\\Request), Object(Closure))
#45 C:\\xampp\\htdocs\\Portfolio\\Azure-VM\\erpnbs\\vendor\\laravel\\framework\\src\\Illuminate\\Foundation\\Http\\Middleware\\TransformsRequest.php(21): Illuminate\\Pipeline\\Pipeline->Illuminate\\Pipeline\\{closure}(Object(Illuminate\\Http\\Request))
#46 C:\\xampp\\htdocs\\Portfolio\\Azure-VM\\erpnbs\\vendor\\laravel\\framework\\src\\Illuminate\\Foundation\\Http\\Middleware\\TrimStrings.php(40): Illuminate\\Foundation\\Http\\Middleware\\TransformsRequest->handle(Object(Illuminate\\Http\\Request), Object(Closure))
#47 C:\\xampp\\htdocs\\Portfolio\\Azure-VM\\erpnbs\\vendor\\laravel\\framework\\src\\Illuminate\\Pipeline\\Pipeline.php(180): Illuminate\\Foundation\\Http\\Middleware\\TrimStrings->handle(Object(Illuminate\\Http\\Request), Object(Closure))
#48 C:\\xampp\\htdocs\\Portfolio\\Azure-VM\\erpnbs\\vendor\\laravel\\framework\\src\\Illuminate\\Foundation\\Http\\Middleware\\ValidatePostSize.php(27): Illuminate\\Pipeline\\Pipeline->Illuminate\\Pipeline\\{closure}(Object(Illuminate\\Http\\Request))
#49 C:\\xampp\\htdocs\\Portfolio\\Azure-VM\\erpnbs\\vendor\\laravel\\framework\\src\\Illuminate\\Pipeline\\Pipeline.php(180): Illuminate\\Foundation\\Http\\Middleware\\ValidatePostSize->handle(Object(Illuminate\\Http\\Request), Object(Closure))
#50 C:\\xampp\\htdocs\\Portfolio\\Azure-VM\\erpnbs\\vendor\\laravel\\framework\\src\\Illuminate\\Foundation\\Http\\Middleware\\PreventRequestsDuringMaintenance.php(99): Illuminate\\Pipeline\\Pipeline->Illuminate\\Pipeline\\{closure}(Object(Illuminate\\Http\\Request))
#51 C:\\xampp\\htdocs\\Portfolio\\Azure-VM\\erpnbs\\vendor\\laravel\\framework\\src\\Illuminate\\Pipeline\\Pipeline.php(180): Illuminate\\Foundation\\Http\\Middleware\\PreventRequestsDuringMaintenance->handle(Object(Illuminate\\Http\\Request), Object(Closure))
#52 C:\\xampp\\htdocs\\Portfolio\\Azure-VM\\erpnbs\\vendor\\laravel\\framework\\src\\Illuminate\\Http\\Middleware\\HandleCors.php(49): Illuminate\\Pipeline\\Pipeline->Illuminate\\Pipeline\\{closure}(Object(Illuminate\\Http\\Request))
#53 C:\\xampp\\htdocs\\Portfolio\\Azure-VM\\erpnbs\\vendor\\laravel\\framework\\src\\Illuminate\\Pipeline\\Pipeline.php(180): Illuminate\\Http\\Middleware\\HandleCors->handle(Object(Illuminate\\Http\\Request), Object(Closure))
#54 C:\\xampp\\htdocs\\Portfolio\\Azure-VM\\erpnbs\\vendor\\laravel\\framework\\src\\Illuminate\\Http\\Middleware\\TrustProxies.php(39): Illuminate\\Pipeline\\Pipeline->Illuminate\\Pipeline\\{closure}(Object(Illuminate\\Http\\Request))
#55 C:\\xampp\\htdocs\\Portfolio\\Azure-VM\\erpnbs\\vendor\\laravel\\framework\\src\\Illuminate\\Pipeline\\Pipeline.php(180): Illuminate\\Http\\Middleware\\TrustProxies->handle(Object(Illuminate\\Http\\Request), Object(Closure))
#56 C:\\xampp\\htdocs\\Portfolio\\Azure-VM\\erpnbs\\vendor\\laravel\\framework\\src\\Illuminate\\Pipeline\\Pipeline.php(116): Illuminate\\Pipeline\\Pipeline->Illuminate\\Pipeline\\{closure}(Object(Illuminate\\Http\\Request))
#57 C:\\xampp\\htdocs\\Portfolio\\Azure-VM\\erpnbs\\vendor\\laravel\\framework\\src\\Illuminate\\Foundation\\Http\\Kernel.php(175): Illuminate\\Pipeline\\Pipeline->then(Object(Closure))
#58 C:\\xampp\\htdocs\\Portfolio\\Azure-VM\\erpnbs\\vendor\\laravel\\framework\\src\\Illuminate\\Foundation\\Http\\Kernel.php(144): Illuminate\\Foundation\\Http\\Kernel->sendRequestThroughRouter(Object(Illuminate\\Http\\Request))
#59 C:\\xampp\\htdocs\\Portfolio\\Azure-VM\\erpnbs\\public\\index.php(51): Illuminate\\Foundation\\Http\\Kernel->handle(Object(Illuminate\\Http\\Request))
#60 C:\\xampp\\htdocs\\Portfolio\\Azure-VM\\erpnbs\\vendor\\laravel\\framework\\src\\Illuminate\\Foundation\\resources\\server.php(16): require_once('C:\\\\xampp\\\\htdocs...')
#61 {main}
"} 
[2026-08-08 12:22:31] local.ERROR: Undefined array key "en" {"view":{"view":"C:\\xampp\\htdocs\\Portfolio\\Azure-VM\\erpnbs\\resources\\views\\auth\\login.blade.php","data":{"errors":"<pre class=sf-dump id=sf-dump-1256192404 data-indent-pad=\"  \"><span class=sf-dump-note>Illuminate\\Support\\ViewErrorBag</span> {<a class=sf-dump-ref>#3298</a><samp data-depth=1 class=sf-dump-expanded>
  #<span class=sf-dump-protected title=\"Protected property\">bags</span>: []
</samp>}
</pre><script>Sfdump(\"sf-dump-1256192404\", {\"maxDepth\":3,\"maxStringLength\":160})</script>
","lang":"<pre class=sf-dump id=sf-dump-1068904105 data-indent-pad=\"  \">\"<span class=sf-dump-str title=\"2 characters\">en</span>\"
</pre><script>Sfdump(\"sf-dump-1068904105\", {\"maxDepth\":3,\"maxStringLength\":160})</script>
","settings":"<pre class=sf-dump id=sf-dump-2006211992 data-indent-pad=\"  \"><span class=sf-dump-note>array:178</span> [<samp data-depth=1 class=sf-dump-expanded>
  \"<span class=sf-dump-key>site_currency</span>\" => \"<span class=sf-dump-str title=\"3 characters\">USD</span>\"
  \"<span class=sf-dump-key>site_currency_symbol</span>\" => \"<span class=sf-dump-str>$</span>\"
  \"<span class=sf-dump-key>site_currency_symbol_position</span>\" => \"<span class=sf-dump-str title=\"3 characters\">pre</span>\"
  \"<span class=sf-dump-key>site_date_format</span>\" => \"<span class=sf-dump-str title=\"6 characters\">M j, Y</span>\"
  \"<span class=sf-dump-key>site_time_format</span>\" => \"<span class=sf-dump-str title=\"5 characters\">g:i A</span>\"
  \"<span class=sf-dump-key>company_name</span>\" => \"\"
  \"<span class=sf-dump-key>company_address</span>\" => \"\"
  \"<span class=sf-dump-key>company_city</span>\" => \"\"
  \"<span class=sf-dump-key>company_state</span>\" => \"\"
  \"<span class=sf-dump-key>company_zipcode</span>\" => \"\"
  \"<span class=sf-dump-key>company_country</span>\" => \"\"
  \"<span class=sf-dump-key>company_telephone</span>\" => \"\"
  \"<span class=sf-dump-key>invoice_prefix</span>\" => \"<span class=sf-dump-str title=\"5 characters\">#INVO</span>\"
  \"<span class=sf-dump-key>invoice_color</span>\" => \"<span class=sf-dump-str title=\"6 characters\">ffffff</span>\"
  \"<span class=sf-dump-key>proposal_prefix</span>\" => \"<span class=sf-dump-str title=\"5 characters\">#PROP</span>\"
  \"<span class=sf-dump-key>proposal_color</span>\" => \"<span class=sf-dump-str title=\"6 characters\">ffffff</span>\"
  \"<span class=sf-dump-key>bill_prefix</span>\" => \"<span class=sf-dump-str title=\"5 characters\">#BILL</span>\"
  \"<span class=sf-dump-key>expense_prefix</span>\" => \"<span class=sf-dump-str title=\"4 characters\">#EXP</span>\"
  \"<span class=sf-dump-key>bill_color</span>\" => \"<span class=sf-dump-str title=\"6 characters\">ffffff</span>\"
  \"<span class=sf-dump-key>customer_prefix</span>\" => \"<span class=sf-dump-str title=\"5 characters\">#CUST</span>\"
  \"<span class=sf-dump-key>vender_prefix</span>\" => \"<span class=sf-dump-str title=\"5 characters\">#VEND</span>\"
  \"<span class=sf-dump-key>footer_title</span>\" => \"\"
  \"<span class=sf-dump-key>footer_notes</span>\" => \"\"
  \"<span class=sf-dump-key>invoice_template</span>\" => \"<span class=sf-dump-str title=\"9 characters\">template1</span>\"
  \"<span class=sf-dump-key>bill_template</span>\" => \"<span class=sf-dump-str title=\"9 characters\">template1</span>\"
  \"<span class=sf-dump-key>proposal_template</span>\" => \"<span class=sf-dump-str title=\"9 characters\">template1</span>\"
  \"<span class=sf-dump-key>registration_number</span>\" => \"\"
  \"<span class=sf-dump-key>vat_number</span>\" => \"\"
  \"<span class=sf-dump-key>default_language</span>\" => \"<span class=sf-dump-str title=\"2 characters\">en</span>\"
  \"<span class=sf-dump-key>enable_stripe</span>\" => \"\"
  \"<span class=sf-dump-key>enable_paypal</span>\" => \"\"
  \"<span class=sf-dump-key>paypal_mode</span>\" => \"\"
  \"<span class=sf-dump-key>paypal_client_id</span>\" => \"\"
  \"<span class=sf-dump-key>paypal_secret_key</span>\" => \"\"
  \"<span class=sf-dump-key>stripe_key</span>\" => \"\"
  \"<span class=sf-dump-key>stripe_secret</span>\" => \"\"
  \"<span class=sf-dump-key>decimal_number</span>\" => \"<span class=sf-dump-str>2</span>\"
  \"<span class=sf-dump-key>tax_type</span>\" => \"\"
  \"<span class=sf-dump-key>shipping_display</span>\" => \"<span class=sf-dump-str title=\"2 characters\">on</span>\"
  \"<span class=sf-dump-key>journal_prefix</span>\" => \"<span class=sf-dump-str title=\"4 characters\">#JUR</span>\"
  \"<span class=sf-dump-key>display_landing_page</span>\" => \"<span class=sf-dump-str title=\"2 characters\">on</span>\"
  \"<span class=sf-dump-key>employee_prefix</span>\" => \"<span class=sf-dump-str title=\"6 characters\">#EMP00</span>\"
  \"<span class=sf-dump-key>leave_status</span>\" => \"<span class=sf-dump-str>1</span>\"
  \"<span class=sf-dump-key>bug_prefix</span>\" => \"<span class=sf-dump-str title=\"6 characters\">#ISSUE</span>\"
  \"<span class=sf-dump-key>title_text</span>\" => \"\"
  \"<span class=sf-dump-key>footer_text</span>\" => \"\"
  \"<span class=sf-dump-key>company_start_time</span>\" => \"<span class=sf-dump-str title=\"5 characters\">09:00</span>\"
  \"<span class=sf-dump-key>company_end_time</span>\" => \"<span class=sf-dump-str title=\"5 characters\">18:00</span>\"
  \"<span class=sf-dump-key>gdpr_cookie</span>\" => \"<span class=sf-dump-str title=\"3 characters\">off</span>\"
  \"<span class=sf-dump-key>interval_time</span>\" => \"\"
  \"<span class=sf-dump-key>zoom_apikey</span>\" => \"\"
  \"<span class=sf-dump-key>zoom_apisecret</span>\" => \"\"
  \"<span class=sf-dump-key>slack_webhook</span>\" => \"\"
  \"<span class=sf-dump-key>telegram_accestoken</span>\" => \"\"
  \"<span class=sf-dump-key>telegram_chatid</span>\" => \"\"
  \"<span class=sf-dump-key>enable_signup</span>\" => \"<span class=sf-dump-str title=\"2 characters\">on</span>\"
  \"<span class=sf-dump-key>cookie_text</span>\" => \"<span class=sf-dump-str title=\"155 characters\">We use cookies to ensure that we give you the best experience on our website. If you continue to use this site we will assume that you are happy with it.<span class=\"sf-dump-default sf-dump-ns\">\\r\\n</span></span>\"
  \"<span class=sf-dump-key>company_logo_light</span>\" => \"<span class=sf-dump-str title=\"14 characters\">logo-light.png</span>\"
  \"<span class=sf-dump-key>company_logo_dark</span>\" => \"<span class=sf-dump-str title=\"13 characters\">logo-dark.png</span>\"
  \"<span class=sf-dump-key>company_favicon</span>\" => \"<span class=sf-dump-str title=\"11 characters\">favicon.png</span>\"
  \"<span class=sf-dump-key>cust_theme_bg</span>\" => \"<span class=sf-dump-str title=\"2 characters\">on</span>\"
  \"<span class=sf-dump-key>cust_darklayout</span>\" => \"<span class=sf-dump-str title=\"3 characters\">off</span>\"
  \"<span class=sf-dump-key>color</span>\" => \"\"
  \"<span class=sf-dump-key>SITE_RTL</span>\" => \"<span class=sf-dump-str title=\"3 characters\">off</span>\"
  \"<span class=sf-dump-key>purchase_prefix</span>\" => \"<span class=sf-dump-str title=\"4 characters\">#PUR</span>\"
  \"<span class=sf-dump-key>purchase_color</span>\" => \"<span class=sf-dump-str title=\"6 characters\">ffffff</span>\"
  \"<span class=sf-dump-key>purchase_template</span>\" => \"<span class=sf-dump-str title=\"9 characters\">template1</span>\"
  \"<span class=sf-dump-key>pos_color</span>\" => \"<span class=sf-dump-str title=\"6 characters\">ffffff</span>\"
  \"<span class=sf-dump-key>pos_template</span>\" => \"<span class=sf-dump-str title=\"9 characters\">template1</span>\"
  \"<span class=sf-dump-key>pos_prefix</span>\" => \"<span class=sf-dump-str title=\"4 characters\">#POS</span>\"
  \"<span class=sf-dump-key>quotation_prefix</span>\" => \"<span class=sf-dump-str title=\"4 characters\">#QUO</span>\"
  \"<span class=sf-dump-key>quotation_logo</span>\" => \"\"
  \"<span class=sf-dump-key>quotation_color</span>\" => \"<span class=sf-dump-str title=\"6 characters\">ffffff</span>\"
  \"<span class=sf-dump-key>quotation_template</span>\" => \"<span class=sf-dump-str title=\"9 characters\">template1</span>\"
  \"<span class=sf-dump-key>storage_setting</span>\" => \"<span class=sf-dump-str title=\"5 characters\">local</span>\"
  \"<span class=sf-dump-key>local_storage_validation</span>\" => \"<span class=sf-dump-str title=\"29 characters\">jpg,jpeg,png,xlsx,xls,csv,pdf</span>\"
  \"<span class=sf-dump-key>local_storage_max_upload_size</span>\" => \"<span class=sf-dump-str title=\"7 characters\">2048000</span>\"
  \"<span class=sf-dump-key>s3_key</span>\" => \"\"
  \"<span class=sf-dump-key>s3_secret</span>\" => \"\"
  \"<span class=sf-dump-key>s3_region</span>\" => \"\"
  \"<span class=sf-dump-key>s3_bucket</span>\" => \"\"
  \"<span class=sf-dump-key>s3_url</span>\" => \"\"
  \"<span class=sf-dump-key>s3_endpoint</span>\" => \"\"
  \"<span class=sf-dump-key>s3_max_upload_size</span>\" => \"\"
  \"<span class=sf-dump-key>s3_storage_validation</span>\" => \"\"
  \"<span class=sf-dump-key>wasabi_key</span>\" => \"\"
  \"<span class=sf-dump-key>wasabi_secret</span>\" => \"\"
  \"<span class=sf-dump-key>wasabi_region</span>\" => \"\"
  \"<span class=sf-dump-key>wasabi_bucket</span>\" => \"\"
  \"<span class=sf-dump-key>wasabi_url</span>\" => \"\"
  \"<span class=sf-dump-key>wasabi_root</span>\" => \"\"
  \"<span class=sf-dump-key>wasabi_max_upload_size</span>\" => \"\"
  \"<span class=sf-dump-key>wasabi_storage_validation</span>\" => \"\"
  \"<span class=sf-dump-key>purchase_logo</span>\" => \"\"
  \"<span class=sf-dump-key>proposal_logo</span>\" => \"\"
  \"<span class=sf-dump-key>invoice_logo</span>\" => \"\"
  \"<span class=sf-dump-key>pos_logo</span>\" => \"\"
  \"<span class=sf-dump-key>contract_prefix</span>\" => \"<span class=sf-dump-str title=\"4 characters\">#CON</span>\"
  \"<span class=sf-dump-key>barcode_type</span>\" => \"<span class=sf-dump-str title=\"7 characters\">code128</span>\"
  \"<span class=sf-dump-key>barcode_format</span>\" => \"<span class=sf-dump-str title=\"3 characters\">css</span>\"
  \"<span class=sf-dump-key>new_user</span>\" => \"<span class=sf-dump-str>1</span>\"
  \"<span class=sf-dump-key>new_client</span>\" => \"<span class=sf-dump-str>1</span>\"
  \"<span class=sf-dump-key>new_support_ticket</span>\" => \"<span class=sf-dump-str>1</span>\"
  \"<span class=sf-dump-key>lead_assigned</span>\" => \"<span class=sf-dump-str>1</span>\"
  \"<span class=sf-dump-key>deal_assigned</span>\" => \"<span class=sf-dump-str>1</span>\"
  \"<span class=sf-dump-key>new_award</span>\" => \"<span class=sf-dump-str>1</span>\"
  \"<span class=sf-dump-key>customer_invoice_sent</span>\" => \"<span class=sf-dump-str>1</span>\"
  \"<span class=sf-dump-key>new_invoice_payment</span>\" => \"<span class=sf-dump-str>1</span>\"
  \"<span class=sf-dump-key>new_payment_reminder</span>\" => \"<span class=sf-dump-str>1</span>\"
  \"<span class=sf-dump-key>new_bill_payment</span>\" => \"<span class=sf-dump-str>1</span>\"
  \"<span class=sf-dump-key>bill_resent</span>\" => \"<span class=sf-dump-str>1</span>\"
  \"<span class=sf-dump-key>proposal_sent</span>\" => \"<span class=sf-dump-str>1</span>\"
  \"<span class=sf-dump-key>complaint_resent</span>\" => \"<span class=sf-dump-str>1</span>\"
  \"<span class=sf-dump-key>leave_action_sent</span>\" => \"<span class=sf-dump-str>1</span>\"
  \"<span class=sf-dump-key>payslip_sent</span>\" => \"<span class=sf-dump-str>1</span>\"
  \"<span class=sf-dump-key>promotion_sent</span>\" => \"<span class=sf-dump-str>1</span>\"
  \"<span class=sf-dump-key>resignation_sent</span>\" => \"<span class=sf-dump-str>1</span>\"
  \"<span class=sf-dump-key>termination_sent</span>\" => \"<span class=sf-dump-str>1</span>\"
  \"<span class=sf-dump-key>transfer_sent</span>\" => \"<span class=sf-dump-str>1</span>\"
  \"<span class=sf-dump-key>trip_sent</span>\" => \"<span class=sf-dump-str>1</span>\"
  \"<span class=sf-dump-key>vender_bill_sent</span>\" => \"<span class=sf-dump-str>1</span>\"
  \"<span class=sf-dump-key>warning_sent</span>\" => \"<span class=sf-dump-str>1</span>\"
  \"<span class=sf-dump-key>new_contract</span>\" => \"<span class=sf-dump-str>1</span>\"
  \"<span class=sf-dump-key>new_project</span>\" => \"<span class=sf-dump-str>1</span>\"
  \"<span class=sf-dump-key>new_task</span>\" => \"<span class=sf-dump-str>1</span>\"
  \"<span class=sf-dump-key>task_status_updated</span>\" => \"<span class=sf-dump-str>1</span>\"
  \"<span class=sf-dump-key>new_leave</span>\" => \"<span class=sf-dump-str>1</span>\"
  \"<span class=sf-dump-key>project_assign_member</span>\" => \"<span class=sf-dump-str>1</span>\"
  \"<span class=sf-dump-key>vat_gst_number_switch</span>\" => \"<span class=sf-dump-str title=\"3 characters\">off</span>\"
  \"<span class=sf-dump-key>google_calendar_enable</span>\" => \"<span class=sf-dump-str title=\"3 characters\">off</span>\"
  \"<span class=sf-dump-key>google_calender_json_file</span>\" => \"\"
  \"<span class=sf-dump-key>enable_cookie</span>\" => \"<span class=sf-dump-str title=\"2 characters\">on</span>\"
  \"<span class=sf-dump-key>necessary_cookies</span>\" => \"<span class=sf-dump-str title=\"2 characters\">on</span>\"
  \"<span class=sf-dump-key>cookie_logging</span>\" => \"<span class=sf-dump-str title=\"2 characters\">on</span>\"
  \"<span class=sf-dump-key>cookie_title</span>\" => \"<span class=sf-dump-str title=\"15 characters\">We use cookies!</span>\"
  \"<span class=sf-dump-key>cookie_description</span>\" => \"<span class=sf-dump-str title=\"130 characters\">Hi, this website uses essential cookies to ensure its proper operation and tracking cookies to understand how you interact with it</span>\"
  \"<span class=sf-dump-key>strictly_cookie_title</span>\" => \"<span class=sf-dump-str title=\"26 characters\">Strictly necessary cookies</span>\"
  \"<span class=sf-dump-key>strictly_cookie_description</span>\" => \"<span class=sf-dump-str title=\"128 characters\">These cookies are essential for the proper functioning of my website. Without these cookies, the website would not work properly</span>\"
  \"<span class=sf-dump-key>more_information_description</span>\" => \"<span class=sf-dump-str title=\"88 characters\">For any queries in relation to our policy on cookies and your choices, please contact us</span>\"
  \"<span class=sf-dump-key>contactus_url</span>\" => \"<span class=sf-dump-str>#</span>\"
  \"<span class=sf-dump-key>twilio_sid</span>\" => \"\"
  \"<span class=sf-dump-key>twilio_token</span>\" => \"\"
  \"<span class=sf-dump-key>twilio_from</span>\" => \"\"
  \"<span class=sf-dump-key>ai_chatgpt_enable</span>\" => \"<span class=sf-dump-str title=\"3 characters\">off</span>\"
  \"<span class=sf-dump-key>chat_gpt_key</span>\" => \"\"
  \"<span class=sf-dump-key>chat_gpt_model</span>\" => \"\"
  \"<span class=sf-dump-key>ip_restrict</span>\" => \"<span class=sf-dump-str title=\"3 characters\">off</span>\"
  \"<span class=sf-dump-key>mail_driver</span>\" => \"\"
  \"<span class=sf-dump-key>mail_host</span>\" => \"\"
  \"<span class=sf-dump-key>mail_port</span>\" => \"\"
  \"<span class=sf-dump-key>mail_username</span>\" => \"\"
  \"<span class=sf-dump-key>mail_password</span>\" => \"\"
  \"<span class=sf-dump-key>mail_encryption</span>\" => \"\"
  \"<span class=sf-dump-key>mail_from_address</span>\" => \"\"
  \"<span class=sf-dump-key>mail_from_name</span>\" => \"\"
  \"<span class=sf-dump-key>timezone</span>\" => \"\"
  \"<span class=sf-dump-key>recaptcha_module</span>\" => \"\"
  \"<span class=sf-dump-key>google_recaptcha_key</span>\" => \"\"
  \"<span class=sf-dump-key>google_recaptcha_secret</span>\" => \"\"
  \"<span class=sf-dump-key>google_recaptcha_version</span>\" => \"\"
  \"<span class=sf-dump-key>pusher_app_id</span>\" => \"\"
  \"<span class=sf-dump-key>pusher_app_key</span>\" => \"\"
  \"<span class=sf-dump-key>pusher_app_secret</span>\" => \"\"
  \"<span class=sf-dump-key>pusher_app_cluster</span>\" => \"\"
  \"<span class=sf-dump-key>color_flag</span>\" => \"<span class=sf-dump-str title=\"5 characters\">false</span>\"
  \"<span class=sf-dump-key>currency_space</span>\" => \"<span class=sf-dump-str title=\"9 characters\">withspace</span>\"
  \"<span class=sf-dump-key>decimal_separator</span>\" => \"<span class=sf-dump-str title=\"3 characters\">dot</span>\"
  \"<span class=sf-dump-key>thousand_separator</span>\" => \"<span class=sf-dump-str title=\"3 characters\">dot</span>\"
  \"<span class=sf-dump-key>currency_symbol</span>\" => \"<span class=sf-dump-str title=\"18 characters\">withcurrencysymbol</span>\"
  \"<span class=sf-dump-key>float_number</span>\" => \"<span class=sf-dump-str title=\"5 characters\">comma</span>\"
  \"<span class=sf-dump-key>zkteco_api_url</span>\" => \"\"
  \"<span class=sf-dump-key>username</span>\" => \"\"
  \"<span class=sf-dump-key>user_password</span>\" => \"\"
  \"<span class=sf-dump-key>auth_token</span>\" => \"\"
  \"<span class=sf-dump-key>qr_display</span>\" => \"<span class=sf-dump-str title=\"2 characters\">on</span>\"
  \"<span class=sf-dump-key>bill_qr_display</span>\" => \"<span class=sf-dump-str title=\"2 characters\">on</span>\"
  \"<span class=sf-dump-key>invoice_qr_display</span>\" => \"<span class=sf-dump-str title=\"2 characters\">on</span>\"
  \"<span class=sf-dump-key>pos_purchase_qr_display</span>\" => \"<span class=sf-dump-str title=\"2 characters\">on</span>\"
</samp>]
</pre><script>Sfdump(\"sf-dump-2006211992\", {\"maxDepth\":3,\"maxStringLength\":160})</script>
"}},"exception":"[object] (Spatie\\LaravelIgnition\\Exceptions\\ViewException(code: 0): Undefined array key \"en\" at C:\\xampp\\htdocs\\Portfolio\\Azure-VM\\erpnbs\\vendor\\laravel\\framework\\src\\Illuminate\\Collections\\Collection.php:1732)
[stacktrace]
#0 C:\\xampp\\htdocs\\Portfolio\\Azure-VM\\erpnbs\\vendor\\laravel\\framework\\src\\Illuminate\\Foundation\\Bootstrap\\HandleExceptions.php(254): Illuminate\\Foundation\\Bootstrap\\HandleExceptions->handleError(2, 'Undefined array...', 'C:\\\\xampp\\\\htdocs...', 1732)
#1 C:\\xampp\\htdocs\\Portfolio\\Azure-VM\\erpnbs\\vendor\\laravel\\framework\\src\\Illuminate\\Collections\\Collection.php(1732): Illuminate\\Foundation\\Bootstrap\\HandleExceptions->Illuminate\\Foundation\\Bootstrap\\{closure}(2, 'Undefined array...', 'C:\\\\xampp\\\\htdocs...', 1732)
#2 C:\\xampp\\htdocs\\Portfolio\\Azure-VM\\erpnbs\\resources\\views\\auth\\login.blade.php(33): Illuminate\\Support\\Collection->offsetGet('en')
#3 C:\\xampp\\htdocs\\Portfolio\\Azure-VM\\erpnbs\\vendor\\laravel\\framework\\src\\Illuminate\\Filesystem\\Filesystem.php(124): require('C:\\\\xampp\\\\htdocs...')
#4 C:\\xampp\\htdocs\\Portfolio\\Azure-VM\\erpnbs\\vendor\\laravel\\framework\\src\\Illuminate\\Filesystem\\Filesystem.php(125): Illuminate\\Filesystem\\Filesystem::Illuminate\\Filesystem\\{closure}()
#5 C:\\xampp\\htdocs\\Portfolio\\Azure-VM\\erpnbs\\vendor\\laravel\\framework\\src\\Illuminate\\View\\Engines\\PhpEngine.php(58): Illuminate\\Filesystem\\Filesystem->getRequire('C:\\\\xampp\\\\htdocs...', Array)
#6 C:\\xampp\\htdocs\\Portfolio\\Azure-VM\\erpnbs\\vendor\\laravel\\framework\\src\\Illuminate\\View\\Engines\\CompilerEngine.php(72): Illuminate\\View\\Engines\\PhpEngine->evaluatePath('C:\\\\xampp\\\\htdocs...', Array)
#7 C:\\xampp\\htdocs\\Portfolio\\Azure-VM\\erpnbs\\vendor\\laravel\\framework\\src\\Illuminate\\View\\View.php(195): Illuminate\\View\\Engines\\CompilerEngine->get('C:\\\\xampp\\\\htdocs...', Array)
#8 C:\\xampp\\htdocs\\Portfolio\\Azure-VM\\erpnbs\\vendor\\laravel\\framework\\src\\Illuminate\\View\\View.php(178): Illuminate\\View\\View->getContents()
#9 C:\\xampp\\htdocs\\Portfolio\\Azure-VM\\erpnbs\\vendor\\laravel\\framework\\src\\Illuminate\\View\\View.php(147): Illuminate\\View\\View->renderContents()
#10 C:\\xampp\\htdocs\\Portfolio\\Azure-VM\\erpnbs\\vendor\\laravel\\framework\\src\\Illuminate\\Http\\Response.php(69): Illuminate\\View\\View->render()
#11 C:\\xampp\\htdocs\\Portfolio\\Azure-VM\\erpnbs\\vendor\\laravel\\framework\\src\\Illuminate\\Http\\Response.php(35): Illuminate\\Http\\Response->setContent(Object(Illuminate\\View\\View))
#12 C:\\xampp\\htdocs\\Portfolio\\Azure-VM\\erpnbs\\vendor\\laravel\\framework\\src\\Illuminate\\Routing\\Router.php(906): Illuminate\\Http\\Response->__construct(Object(Illuminate\\View\\View), 200, Array)
#13 C:\\xampp\\htdocs\\Portfolio\\Azure-VM\\erpnbs\\vendor\\laravel\\framework\\src\\Illuminate\\Routing\\Router.php(875): Illuminate\\Routing\\Router::toResponse(Object(Illuminate\\Http\\Request), Object(Illuminate\\View\\View))
#14 C:\\xampp\\htdocs\\Portfolio\\Azure-VM\\erpnbs\\vendor\\laravel\\framework\\src\\Illuminate\\Routing\\Router.php(797): Illuminate\\Routing\\Router->prepareResponse(Object(Illuminate\\Http\\Request), Object(Illuminate\\View\\View))
#15 C:\\xampp\\htdocs\\Portfolio\\Azure-VM\\erpnbs\\vendor\\laravel\\framework\\src\\Illuminate\\Pipeline\\Pipeline.php(141): Illuminate\\Routing\\Router->Illuminate\\Routing\\{closure}(Object(Illuminate\\Http\\Request))
#16 C:\\xampp\\htdocs\\Portfolio\\Azure-VM\\erpnbs\\app\\Http\\Middleware\\RedirectIfAuthenticated.php(30): Illuminate\\Pipeline\\Pipeline->Illuminate\\Pipeline\\{closure}(Object(Illuminate\\Http\\Request))
#17 C:\\xampp\\htdocs\\Portfolio\\Azure-VM\\erpnbs\\vendor\\laravel\\framework\\src\\Illuminate\\Pipeline\\Pipeline.php(180): App\\Http\\Middleware\\RedirectIfAuthenticated->handle(Object(Illuminate\\Http\\Request), Object(Closure))
#18 C:\\xampp\\htdocs\\Portfolio\\Azure-VM\\erpnbs\\app\\Http\\Middleware\\CheckExpiryTime.php(55): Illuminate\\Pipeline\\Pipeline->Illuminate\\Pipeline\\{closure}(Object(Illuminate\\Http\\Request))
#19 C:\\xampp\\htdocs\\Portfolio\\Azure-VM\\erpnbs\\vendor\\laravel\\framework\\src\\Illuminate\\Pipeline\\Pipeline.php(180): App\\Http\\Middleware\\CheckExpiryTime->handle(Object(Illuminate\\Http\\Request), Object(Closure))
#20 C:\\xampp\\htdocs\\Portfolio\\Azure-VM\\erpnbs\\vendor\\laravel\\framework\\src\\Illuminate\\Routing\\Middleware\\SubstituteBindings.php(50): Illuminate\\Pipeline\\Pipeline->Illuminate\\Pipeline\\{closure}(Object(Illuminate\\Http\\Request))
#21 C:\\xampp\\htdocs\\Portfolio\\Azure-VM\\erpnbs\\vendor\\laravel\\framework\\src\\Illuminate\\Pipeline\\Pipeline.php(180): Illuminate\\Routing\\Middleware\\SubstituteBindings->handle(Object(Illuminate\\Http\\Request), Object(Closure))
#22 C:\\xampp\\htdocs\\Portfolio\\Azure-VM\\erpnbs\\vendor\\laravel\\framework\\src\\Illuminate\\Foundation\\Http\\Middleware\\VerifyCsrfToken.php(78): Illuminate\\Pipeline\\Pipeline->Illuminate\\Pipeline\\{closure}(Object(Illuminate\\Http\\Request))
#23 C:\\xampp\\htdocs\\Portfolio\\Azure-VM\\erpnbs\\vendor\\laravel\\framework\\src\\Illuminate\\Pipeline\\Pipeline.php(180): Illuminate\\Foundation\\Http\\Middleware\\VerifyCsrfToken->handle(Object(Illuminate\\Http\\Request), Object(Closure))
#24 C:\\xampp\\htdocs\\Portfolio\\Azure-VM\\erpnbs\\vendor\\laravel\\framework\\src\\Illuminate\\View\\Middleware\\ShareErrorsFromSession.php(49): Illuminate\\Pipeline\\Pipeline->Illuminate\\Pipeline\\{closure}(Object(Illuminate\\Http\\Request))
#25 C:\\xampp\\htdocs\\Portfolio\\Azure-VM\\erpnbs\\vendor\\laravel\\framework\\src\\Illuminate\\Pipeline\\Pipeline.php(180): Illuminate\\View\\Middleware\\ShareErrorsFromSession->handle(Object(Illuminate\\Http\\Request), Object(Closure))
#26 C:\\xampp\\htdocs\\Portfolio\\Azure-VM\\erpnbs\\vendor\\laravel\\framework\\src\\Illuminate\\Session\\Middleware\\StartSession.php(121): Illuminate\\Pipeline\\Pipeline->Illuminate\\Pipeline\\{closure}(Object(Illuminate\\Http\\Request))
#27 C:\\xampp\\htdocs\\Portfolio\\Azure-VM\\erpnbs\\vendor\\laravel\\framework\\src\\Illuminate\\Session\\Middleware\\StartSession.php(64): Illuminate\\Session\\Middleware\\StartSession->handleStatefulRequest(Object(Illuminate\\Http\\Request), Object(Illuminate\\Session\\Store), Object(Closure))
#28 C:\\xampp\\htdocs\\Portfolio\\Azure-VM\\erpnbs\\vendor\\laravel\\framework\\src\\Illuminate\\Pipeline\\Pipeline.php(180): Illuminate\\Session\\Middleware\\StartSession->handle(Object(Illuminate\\Http\\Request), Object(Closure))
#29 C:\\xampp\\htdocs\\Portfolio\\Azure-VM\\erpnbs\\vendor\\laravel\\framework\\src\\Illuminate\\Cookie\\Middleware\\AddQueuedCookiesToResponse.php(37): Illuminate\\Pipeline\\Pipeline->Illuminate\\Pipeline\\{closure}(Object(Illuminate\\Http\\Request))
#30 C:\\xampp\\htdocs\\Portfolio\\Azure-VM\\erpnbs\\vendor\\laravel\\framework\\src\\Illuminate\\Pipeline\\Pipeline.php(180): Illuminate\\Cookie\\Middleware\\AddQueuedCookiesToResponse->handle(Object(Illuminate\\Http\\Request), Object(Closure))
#31 C:\\xampp\\htdocs\\Portfolio\\Azure-VM\\erpnbs\\vendor\\laravel\\framework\\src\\Illuminate\\Cookie\\Middleware\\EncryptCookies.php(67): Illuminate\\Pipeline\\Pipeline->Illuminate\\Pipeline\\{closure}(Object(Illuminate\\Http\\Request))
#32 C:\\xampp\\htdocs\\Portfolio\\Azure-VM\\erpnbs\\vendor\\laravel\\framework\\src\\Illuminate\\Pipeline\\Pipeline.php(180): Illuminate\\Cookie\\Middleware\\EncryptCookies->handle(Object(Illuminate\\Http\\Request), Object(Closure))
#33 C:\\xampp\\htdocs\\Portfolio\\Azure-VM\\erpnbs\\vendor\\laravel\\framework\\src\\Illuminate\\Pipeline\\Pipeline.php(116): Illuminate\\Pipeline\\Pipeline->Illuminate\\Pipeline\\{closure}(Object(Illuminate\\Http\\Request))
#34 C:\\xampp\\htdocs\\Portfolio\\Azure-VM\\erpnbs\\vendor\\laravel\\framework\\src\\Illuminate\\Routing\\Router.php(797): Illuminate\\Pipeline\\Pipeline->then(Object(Closure))
#35 C:\\xampp\\htdocs\\Portfolio\\Azure-VM\\erpnbs\\vendor\\laravel\\framework\\src\\Illuminate\\Routing\\Router.php(776): Illuminate\\Routing\\Router->runRouteWithinStack(Object(Illuminate\\Routing\\Route), Object(Illuminate\\Http\\Request))
#36 C:\\xampp\\htdocs\\Portfolio\\Azure-VM\\erpnbs\\vendor\\laravel\\framework\\src\\Illuminate\\Routing\\Router.php(740): Illuminate\\Routing\\Router->runRoute(Object(Illuminate\\Http\\Request), Object(Illuminate\\Routing\\Route))
#37 C:\\xampp\\htdocs\\Portfolio\\Azure-VM\\erpnbs\\vendor\\laravel\\framework\\src\\Illuminate\\Routing\\Router.php(729): Illuminate\\Routing\\Router->dispatchToRoute(Object(Illuminate\\Http\\Request))
#38 C:\\xampp\\htdocs\\Portfolio\\Azure-VM\\erpnbs\\vendor\\laravel\\framework\\src\\Illuminate\\Foundation\\Http\\Kernel.php(200): Illuminate\\Routing\\Router->dispatch(Object(Illuminate\\Http\\Request))
#39 C:\\xampp\\htdocs\\Portfolio\\Azure-VM\\erpnbs\\vendor\\laravel\\framework\\src\\Illuminate\\Pipeline\\Pipeline.php(141): Illuminate\\Foundation\\Http\\Kernel->Illuminate\\Foundation\\Http\\{closure}(Object(Illuminate\\Http\\Request))
#40 C:\\xampp\\htdocs\\Portfolio\\Azure-VM\\erpnbs\\vendor\\barryvdh\\laravel-debugbar\\src\\Middleware\\InjectDebugbar.php(66): Illuminate\\Pipeline\\Pipeline->Illuminate\\Pipeline\\{closure}(Object(Illuminate\\Http\\Request))
#41 C:\\xampp\\htdocs\\Portfolio\\Azure-VM\\erpnbs\\vendor\\laravel\\framework\\src\\Illuminate\\Pipeline\\Pipeline.php(180): Barryvdh\\Debugbar\\Middleware\\InjectDebugbar->handle(Object(Illuminate\\Http\\Request), Object(Closure))
#42 C:\\xampp\\htdocs\\Portfolio\\Azure-VM\\erpnbs\\vendor\\laravel\\framework\\src\\Illuminate\\Foundation\\Http\\Middleware\\TransformsRequest.php(21): Illuminate\\Pipeline\\Pipeline->Illuminate\\Pipeline\\{closure}(Object(Illuminate\\Http\\Request))
#43 C:\\xampp\\htdocs\\Portfolio\\Azure-VM\\erpnbs\\vendor\\laravel\\framework\\src\\Illuminate\\Foundation\\Http\\Middleware\\ConvertEmptyStringsToNull.php(31): Illuminate\\Foundation\\Http\\Middleware\\TransformsRequest->handle(Object(Illuminate\\Http\\Request), Object(Closure))
#44 C:\\xampp\\htdocs\\Portfolio\\Azure-VM\\erpnbs\\vendor\\laravel\\framework\\src\\Illuminate\\Pipeline\\Pipeline.php(180): Illuminate\\Foundation\\Http\\Middleware\\ConvertEmptyStringsToNull->handle(Object(Illuminate\\Http\\Request), Object(Closure))
#45 C:\\xampp\\htdocs\\Portfolio\\Azure-VM\\erpnbs\\vendor\\laravel\\framework\\src\\Illuminate\\Foundation\\Http\\Middleware\\TransformsRequest.php(21): Illuminate\\Pipeline\\Pipeline->Illuminate\\Pipeline\\{closure}(Object(Illuminate\\Http\\Request))
#46 C:\\xampp\\htdocs\\Portfolio\\Azure-VM\\erpnbs\\vendor\\laravel\\framework\\src\\Illuminate\\Foundation\\Http\\Middleware\\TrimStrings.php(40): Illuminate\\Foundation\\Http\\Middleware\\TransformsRequest->handle(Object(Illuminate\\Http\\Request), Object(Closure))
#47 C:\\xampp\\htdocs\\Portfolio\\Azure-VM\\erpnbs\\vendor\\laravel\\framework\\src\\Illuminate\\Pipeline\\Pipeline.php(180): Illuminate\\Foundation\\Http\\Middleware\\TrimStrings->handle(Object(Illuminate\\Http\\Request), Object(Closure))
#48 C:\\xampp\\htdocs\\Portfolio\\Azure-VM\\erpnbs\\vendor\\laravel\\framework\\src\\Illuminate\\Foundation\\Http\\Middleware\\ValidatePostSize.php(27): Illuminate\\Pipeline\\Pipeline->Illuminate\\Pipeline\\{closure}(Object(Illuminate\\Http\\Request))
#49 C:\\xampp\\htdocs\\Portfolio\\Azure-VM\\erpnbs\\vendor\\laravel\\framework\\src\\Illuminate\\Pipeline\\Pipeline.php(180): Illuminate\\Foundation\\Http\\Middleware\\ValidatePostSize->handle(Object(Illuminate\\Http\\Request), Object(Closure))
#50 C:\\xampp\\htdocs\\Portfolio\\Azure-VM\\erpnbs\\vendor\\laravel\\framework\\src\\Illuminate\\Foundation\\Http\\Middleware\\PreventRequestsDuringMaintenance.php(99): Illuminate\\Pipeline\\Pipeline->Illuminate\\Pipeline\\{closure}(Object(Illuminate\\Http\\Request))
#51 C:\\xampp\\htdocs\\Portfolio\\Azure-VM\\erpnbs\\vendor\\laravel\\framework\\src\\Illuminate\\Pipeline\\Pipeline.php(180): Illuminate\\Foundation\\Http\\Middleware\\PreventRequestsDuringMaintenance->handle(Object(Illuminate\\Http\\Request), Object(Closure))
#52 C:\\xampp\\htdocs\\Portfolio\\Azure-VM\\erpnbs\\vendor\\laravel\\framework\\src\\Illuminate\\Http\\Middleware\\HandleCors.php(49): Illuminate\\Pipeline\\Pipeline->Illuminate\\Pipeline\\{closure}(Object(Illuminate\\Http\\Request))
#53 C:\\xampp\\htdocs\\Portfolio\\Azure-VM\\erpnbs\\vendor\\laravel\\framework\\src\\Illuminate\\Pipeline\\Pipeline.php(180): Illuminate\\Http\\Middleware\\HandleCors->handle(Object(Illuminate\\Http\\Request), Object(Closure))
#54 C:\\xampp\\htdocs\\Portfolio\\Azure-VM\\erpnbs\\vendor\\laravel\\framework\\src\\Illuminate\\Http\\Middleware\\TrustProxies.php(39): Illuminate\\Pipeline\\Pipeline->Illuminate\\Pipeline\\{closure}(Object(Illuminate\\Http\\Request))
#55 C:\\xampp\\htdocs\\Portfolio\\Azure-VM\\erpnbs\\vendor\\laravel\\framework\\src\\Illuminate\\Pipeline\\Pipeline.php(180): Illuminate\\Http\\Middleware\\TrustProxies->handle(Object(Illuminate\\Http\\Request), Object(Closure))
#56 C:\\xampp\\htdocs\\Portfolio\\Azure-VM\\erpnbs\\vendor\\laravel\\framework\\src\\Illuminate\\Pipeline\\Pipeline.php(116): Illuminate\\Pipeline\\Pipeline->Illuminate\\Pipeline\\{closure}(Object(Illuminate\\Http\\Request))
#57 C:\\xampp\\htdocs\\Portfolio\\Azure-VM\\erpnbs\\vendor\\laravel\\framework\\src\\Illuminate\\Foundation\\Http\\Kernel.php(175): Illuminate\\Pipeline\\Pipeline->then(Object(Closure))
#58 C:\\xampp\\htdocs\\Portfolio\\Azure-VM\\erpnbs\\vendor\\laravel\\framework\\src\\Illuminate\\Foundation\\Http\\Kernel.php(144): Illuminate\\Foundation\\Http\\Kernel->sendRequestThroughRouter(Object(Illuminate\\Http\\Request))
#59 C:\\xampp\\htdocs\\Portfolio\\Azure-VM\\erpnbs\\public\\index.php(51): Illuminate\\Foundation\\Http\\Kernel->handle(Object(Illuminate\\Http\\Request))
#60 C:\\xampp\\htdocs\\Portfolio\\Azure-VM\\erpnbs\\vendor\\laravel\\framework\\src\\Illuminate\\Foundation\\resources\\server.php(16): require_once('C:\\\\xampp\\\\htdocs...')
#61 {main}

[previous exception] [object] (ErrorException(code: 0): Undefined array key \"en\" at C:\\xampp\\htdocs\\Portfolio\\Azure-VM\\erpnbs\\vendor\\laravel\\framework\\src\\Illuminate\\Collections\\Collection.php:1732)
[stacktrace]
#0 C:\\xampp\\htdocs\\Portfolio\\Azure-VM\\erpnbs\\vendor\\laravel\\framework\\src\\Illuminate\\Foundation\\Bootstrap\\HandleExceptions.php(254): Illuminate\\Foundation\\Bootstrap\\HandleExceptions->handleError(2, 'Undefined array...', 'C:\\\\xampp\\\\htdocs...', 1732)
#1 C:\\xampp\\htdocs\\Portfolio\\Azure-VM\\erpnbs\\vendor\\laravel\\framework\\src\\Illuminate\\Collections\\Collection.php(1732): Illuminate\\Foundation\\Bootstrap\\HandleExceptions->Illuminate\\Foundation\\Bootstrap\\{closure}(2, 'Undefined array...', 'C:\\\\xampp\\\\htdocs...', 1732)
#2 C:\\xampp\\htdocs\\Portfolio\\Azure-VM\\erpnbs\\storage\\framework\\views\\7e8eff52e000cb16485e906b8a2541f8.php(35): Illuminate\\Support\\Collection->offsetGet('en')
#3 C:\\xampp\\htdocs\\Portfolio\\Azure-VM\\erpnbs\\vendor\\laravel\\framework\\src\\Illuminate\\Filesystem\\Filesystem.php(124): require('C:\\\\xampp\\\\htdocs...')
#4 C:\\xampp\\htdocs\\Portfolio\\Azure-VM\\erpnbs\\vendor\\laravel\\framework\\src\\Illuminate\\Filesystem\\Filesystem.php(125): Illuminate\\Filesystem\\Filesystem::Illuminate\\Filesystem\\{closure}()
#5 C:\\xampp\\htdocs\\Portfolio\\Azure-VM\\erpnbs\\vendor\\laravel\\framework\\src\\Illuminate\\View\\Engines\\PhpEngine.php(58): Illuminate\\Filesystem\\Filesystem->getRequire('C:\\\\xampp\\\\htdocs...', Array)
#6 C:\\xampp\\htdocs\\Portfolio\\Azure-VM\\erpnbs\\vendor\\laravel\\framework\\src\\Illuminate\\View\\Engines\\CompilerEngine.php(72): Illuminate\\View\\Engines\\PhpEngine->evaluatePath('C:\\\\xampp\\\\htdocs...', Array)
#7 C:\\xampp\\htdocs\\Portfolio\\Azure-VM\\erpnbs\\vendor\\laravel\\framework\\src\\Illuminate\\View\\View.php(195): Illuminate\\View\\Engines\\CompilerEngine->get('C:\\\\xampp\\\\htdocs...', Array)
#8 C:\\xampp\\htdocs\\Portfolio\\Azure-VM\\erpnbs\\vendor\\laravel\\framework\\src\\Illuminate\\View\\View.php(178): Illuminate\\View\\View->getContents()
#9 C:\\xampp\\htdocs\\Portfolio\\Azure-VM\\erpnbs\\vendor\\laravel\\framework\\src\\Illuminate\\View\\View.php(147): Illuminate\\View\\View->renderContents()
#10 C:\\xampp\\htdocs\\Portfolio\\Azure-VM\\erpnbs\\vendor\\laravel\\framework\\src\\Illuminate\\Http\\Response.php(69): Illuminate\\View\\View->render()
#11 C:\\xampp\\htdocs\\Portfolio\\Azure-VM\\erpnbs\\vendor\\laravel\\framework\\src\\Illuminate\\Http\\Response.php(35): Illuminate\\Http\\Response->setContent(Object(Illuminate\\View\\View))
#12 C:\\xampp\\htdocs\\Portfolio\\Azure-VM\\erpnbs\\vendor\\laravel\\framework\\src\\Illuminate\\Routing\\Router.php(906): Illuminate\\Http\\Response->__construct(Object(Illuminate\\View\\View), 200, Array)
#13 C:\\xampp\\htdocs\\Portfolio\\Azure-VM\\erpnbs\\vendor\\laravel\\framework\\src\\Illuminate\\Routing\\Router.php(875): Illuminate\\Routing\\Router::toResponse(Object(Illuminate\\Http\\Request), Object(Illuminate\\View\\View))
#14 C:\\xampp\\htdocs\\Portfolio\\Azure-VM\\erpnbs\\vendor\\laravel\\framework\\src\\Illuminate\\Routing\\Router.php(797): Illuminate\\Routing\\Router->prepareResponse(Object(Illuminate\\Http\\Request), Object(Illuminate\\View\\View))
#15 C:\\xampp\\htdocs\\Portfolio\\Azure-VM\\erpnbs\\vendor\\laravel\\framework\\src\\Illuminate\\Pipeline\\Pipeline.php(141): Illuminate\\Routing\\Router->Illuminate\\Routing\\{closure}(Object(Illuminate\\Http\\Request))
#16 C:\\xampp\\htdocs\\Portfolio\\Azure-VM\\erpnbs\\app\\Http\\Middleware\\RedirectIfAuthenticated.php(30): Illuminate\\Pipeline\\Pipeline->Illuminate\\Pipeline\\{closure}(Object(Illuminate\\Http\\Request))
#17 C:\\xampp\\htdocs\\Portfolio\\Azure-VM\\erpnbs\\vendor\\laravel\\framework\\src\\Illuminate\\Pipeline\\Pipeline.php(180): App\\Http\\Middleware\\RedirectIfAuthenticated->handle(Object(Illuminate\\Http\\Request), Object(Closure))
#18 C:\\xampp\\htdocs\\Portfolio\\Azure-VM\\erpnbs\\app\\Http\\Middleware\\CheckExpiryTime.php(55): Illuminate\\Pipeline\\Pipeline->Illuminate\\Pipeline\\{closure}(Object(Illuminate\\Http\\Request))
#19 C:\\xampp\\htdocs\\Portfolio\\Azure-VM\\erpnbs\\vendor\\laravel\\framework\\src\\Illuminate\\Pipeline\\Pipeline.php(180): App\\Http\\Middleware\\CheckExpiryTime->handle(Object(Illuminate\\Http\\Request), Object(Closure))
#20 C:\\xampp\\htdocs\\Portfolio\\Azure-VM\\erpnbs\\vendor\\laravel\\framework\\src\\Illuminate\\Routing\\Middleware\\SubstituteBindings.php(50): Illuminate\\Pipeline\\Pipeline->Illuminate\\Pipeline\\{closure}(Object(Illuminate\\Http\\Request))
#21 C:\\xampp\\htdocs\\Portfolio\\Azure-VM\\erpnbs\\vendor\\laravel\\framework\\src\\Illuminate\\Pipeline\\Pipeline.php(180): Illuminate\\Routing\\Middleware\\SubstituteBindings->handle(Object(Illuminate\\Http\\Request), Object(Closure))
#22 C:\\xampp\\htdocs\\Portfolio\\Azure-VM\\erpnbs\\vendor\\laravel\\framework\\src\\Illuminate\\Foundation\\Http\\Middleware\\VerifyCsrfToken.php(78): Illuminate\\Pipeline\\Pipeline->Illuminate\\Pipeline\\{closure}(Object(Illuminate\\Http\\Request))
#23 C:\\xampp\\htdocs\\Portfolio\\Azure-VM\\erpnbs\\vendor\\laravel\\framework\\src\\Illuminate\\Pipeline\\Pipeline.php(180): Illuminate\\Foundation\\Http\\Middleware\\VerifyCsrfToken->handle(Object(Illuminate\\Http\\Request), Object(Closure))
#24 C:\\xampp\\htdocs\\Portfolio\\Azure-VM\\erpnbs\\vendor\\laravel\\framework\\src\\Illuminate\\View\\Middleware\\ShareErrorsFromSession.php(49): Illuminate\\Pipeline\\Pipeline->Illuminate\\Pipeline\\{closure}(Object(Illuminate\\Http\\Request))
#25 C:\\xampp\\htdocs\\Portfolio\\Azure-VM\\erpnbs\\vendor\\laravel\\framework\\src\\Illuminate\\Pipeline\\Pipeline.php(180): Illuminate\\View\\Middleware\\ShareErrorsFromSession->handle(Object(Illuminate\\Http\\Request), Object(Closure))
#26 C:\\xampp\\htdocs\\Portfolio\\Azure-VM\\erpnbs\\vendor\\laravel\\framework\\src\\Illuminate\\Session\\Middleware\\StartSession.php(121): Illuminate\\Pipeline\\Pipeline->Illuminate\\Pipeline\\{closure}(Object(Illuminate\\Http\\Request))
#27 C:\\xampp\\htdocs\\Portfolio\\Azure-VM\\erpnbs\\vendor\\laravel\\framework\\src\\Illuminate\\Session\\Middleware\\StartSession.php(64): Illuminate\\Session\\Middleware\\StartSession->handleStatefulRequest(Object(Illuminate\\Http\\Request), Object(Illuminate\\Session\\Store), Object(Closure))
#28 C:\\xampp\\htdocs\\Portfolio\\Azure-VM\\erpnbs\\vendor\\laravel\\framework\\src\\Illuminate\\Pipeline\\Pipeline.php(180): Illuminate\\Session\\Middleware\\StartSession->handle(Object(Illuminate\\Http\\Request), Object(Closure))
#29 C:\\xampp\\htdocs\\Portfolio\\Azure-VM\\erpnbs\\vendor\\laravel\\framework\\src\\Illuminate\\Cookie\\Middleware\\AddQueuedCookiesToResponse.php(37): Illuminate\\Pipeline\\Pipeline->Illuminate\\Pipeline\\{closure}(Object(Illuminate\\Http\\Request))
#30 C:\\xampp\\htdocs\\Portfolio\\Azure-VM\\erpnbs\\vendor\\laravel\\framework\\src\\Illuminate\\Pipeline\\Pipeline.php(180): Illuminate\\Cookie\\Middleware\\AddQueuedCookiesToResponse->handle(Object(Illuminate\\Http\\Request), Object(Closure))
#31 C:\\xampp\\htdocs\\Portfolio\\Azure-VM\\erpnbs\\vendor\\laravel\\framework\\src\\Illuminate\\Cookie\\Middleware\\EncryptCookies.php(67): Illuminate\\Pipeline\\Pipeline->Illuminate\\Pipeline\\{closure}(Object(Illuminate\\Http\\Request))
#32 C:\\xampp\\htdocs\\Portfolio\\Azure-VM\\erpnbs\\vendor\\laravel\\framework\\src\\Illuminate\\Pipeline\\Pipeline.php(180): Illuminate\\Cookie\\Middleware\\EncryptCookies->handle(Object(Illuminate\\Http\\Request), Object(Closure))
#33 C:\\xampp\\htdocs\\Portfolio\\Azure-VM\\erpnbs\\vendor\\laravel\\framework\\src\\Illuminate\\Pipeline\\Pipeline.php(116): Illuminate\\Pipeline\\Pipeline->Illuminate\\Pipeline\\{closure}(Object(Illuminate\\Http\\Request))
#34 C:\\xampp\\htdocs\\Portfolio\\Azure-VM\\erpnbs\\vendor\\laravel\\framework\\src\\Illuminate\\Routing\\Router.php(797): Illuminate\\Pipeline\\Pipeline->then(Object(Closure))
#35 C:\\xampp\\htdocs\\Portfolio\\Azure-VM\\erpnbs\\vendor\\laravel\\framework\\src\\Illuminate\\Routing\\Router.php(776): Illuminate\\Routing\\Router->runRouteWithinStack(Object(Illuminate\\Routing\\Route), Object(Illuminate\\Http\\Request))
#36 C:\\xampp\\htdocs\\Portfolio\\Azure-VM\\erpnbs\\vendor\\laravel\\framework\\src\\Illuminate\\Routing\\Router.php(740): Illuminate\\Routing\\Router->runRoute(Object(Illuminate\\Http\\Request), Object(Illuminate\\Routing\\Route))
#37 C:\\xampp\\htdocs\\Portfolio\\Azure-VM\\erpnbs\\vendor\\laravel\\framework\\src\\Illuminate\\Routing\\Router.php(729): Illuminate\\Routing\\Router->dispatchToRoute(Object(Illuminate\\Http\\Request))
#38 C:\\xampp\\htdocs\\Portfolio\\Azure-VM\\erpnbs\\vendor\\laravel\\framework\\src\\Illuminate\\Foundation\\Http\\Kernel.php(200): Illuminate\\Routing\\Router->dispatch(Object(Illuminate\\Http\\Request))
#39 C:\\xampp\\htdocs\\Portfolio\\Azure-VM\\erpnbs\\vendor\\laravel\\framework\\src\\Illuminate\\Pipeline\\Pipeline.php(141): Illuminate\\Foundation\\Http\\Kernel->Illuminate\\Foundation\\Http\\{closure}(Object(Illuminate\\Http\\Request))
#40 C:\\xampp\\htdocs\\Portfolio\\Azure-VM\\erpnbs\\vendor\\barryvdh\\laravel-debugbar\\src\\Middleware\\InjectDebugbar.php(66): Illuminate\\Pipeline\\Pipeline->Illuminate\\Pipeline\\{closure}(Object(Illuminate\\Http\\Request))
#41 C:\\xampp\\htdocs\\Portfolio\\Azure-VM\\erpnbs\\vendor\\laravel\\framework\\src\\Illuminate\\Pipeline\\Pipeline.php(180): Barryvdh\\Debugbar\\Middleware\\InjectDebugbar->handle(Object(Illuminate\\Http\\Request), Object(Closure))
#42 C:\\xampp\\htdocs\\Portfolio\\Azure-VM\\erpnbs\\vendor\\laravel\\framework\\src\\Illuminate\\Foundation\\Http\\Middleware\\TransformsRequest.php(21): Illuminate\\Pipeline\\Pipeline->Illuminate\\Pipeline\\{closure}(Object(Illuminate\\Http\\Request))
#43 C:\\xampp\\htdocs\\Portfolio\\Azure-VM\\erpnbs\\vendor\\laravel\\framework\\src\\Illuminate\\Foundation\\Http\\Middleware\\ConvertEmptyStringsToNull.php(31): Illuminate\\Foundation\\Http\\Middleware\\TransformsRequest->handle(Object(Illuminate\\Http\\Request), Object(Closure))
#44 C:\\xampp\\htdocs\\Portfolio\\Azure-VM\\erpnbs\\vendor\\laravel\\framework\\src\\Illuminate\\Pipeline\\Pipeline.php(180): Illuminate\\Foundation\\Http\\Middleware\\ConvertEmptyStringsToNull->handle(Object(Illuminate\\Http\\Request), Object(Closure))
#45 C:\\xampp\\htdocs\\Portfolio\\Azure-VM\\erpnbs\\vendor\\laravel\\framework\\src\\Illuminate\\Foundation\\Http\\Middleware\\TransformsRequest.php(21): Illuminate\\Pipeline\\Pipeline->Illuminate\\Pipeline\\{closure}(Object(Illuminate\\Http\\Request))
#46 C:\\xampp\\htdocs\\Portfolio\\Azure-VM\\erpnbs\\vendor\\laravel\\framework\\src\\Illuminate\\Foundation\\Http\\Middleware\\TrimStrings.php(40): Illuminate\\Foundation\\Http\\Middleware\\TransformsRequest->handle(Object(Illuminate\\Http\\Request), Object(Closure))
#47 C:\\xampp\\htdocs\\Portfolio\\Azure-VM\\erpnbs\\vendor\\laravel\\framework\\src\\Illuminate\\Pipeline\\Pipeline.php(180): Illuminate\\Foundation\\Http\\Middleware\\TrimStrings->handle(Object(Illuminate\\Http\\Request), Object(Closure))
#48 C:\\xampp\\htdocs\\Portfolio\\Azure-VM\\erpnbs\\vendor\\laravel\\framework\\src\\Illuminate\\Foundation\\Http\\Middleware\\ValidatePostSize.php(27): Illuminate\\Pipeline\\Pipeline->Illuminate\\Pipeline\\{closure}(Object(Illuminate\\Http\\Request))
#49 C:\\xampp\\htdocs\\Portfolio\\Azure-VM\\erpnbs\\vendor\\laravel\\framework\\src\\Illuminate\\Pipeline\\Pipeline.php(180): Illuminate\\Foundation\\Http\\Middleware\\ValidatePostSize->handle(Object(Illuminate\\Http\\Request), Object(Closure))
#50 C:\\xampp\\htdocs\\Portfolio\\Azure-VM\\erpnbs\\vendor\\laravel\\framework\\src\\Illuminate\\Foundation\\Http\\Middleware\\PreventRequestsDuringMaintenance.php(99): Illuminate\\Pipeline\\Pipeline->Illuminate\\Pipeline\\{closure}(Object(Illuminate\\Http\\Request))
#51 C:\\xampp\\htdocs\\Portfolio\\Azure-VM\\erpnbs\\vendor\\laravel\\framework\\src\\Illuminate\\Pipeline\\Pipeline.php(180): Illuminate\\Foundation\\Http\\Middleware\\PreventRequestsDuringMaintenance->handle(Object(Illuminate\\Http\\Request), Object(Closure))
#52 C:\\xampp\\htdocs\\Portfolio\\Azure-VM\\erpnbs\\vendor\\laravel\\framework\\src\\Illuminate\\Http\\Middleware\\HandleCors.php(49): Illuminate\\Pipeline\\Pipeline->Illuminate\\Pipeline\\{closure}(Object(Illuminate\\Http\\Request))
#53 C:\\xampp\\htdocs\\Portfolio\\Azure-VM\\erpnbs\\vendor\\laravel\\framework\\src\\Illuminate\\Pipeline\\Pipeline.php(180): Illuminate\\Http\\Middleware\\HandleCors->handle(Object(Illuminate\\Http\\Request), Object(Closure))
#54 C:\\xampp\\htdocs\\Portfolio\\Azure-VM\\erpnbs\\vendor\\laravel\\framework\\src\\Illuminate\\Http\\Middleware\\TrustProxies.php(39): Illuminate\\Pipeline\\Pipeline->Illuminate\\Pipeline\\{closure}(Object(Illuminate\\Http\\Request))
#55 C:\\xampp\\htdocs\\Portfolio\\Azure-VM\\erpnbs\\vendor\\laravel\\framework\\src\\Illuminate\\Pipeline\\Pipeline.php(180): Illuminate\\Http\\Middleware\\TrustProxies->handle(Object(Illuminate\\Http\\Request), Object(Closure))
#56 C:\\xampp\\htdocs\\Portfolio\\Azure-VM\\erpnbs\\vendor\\laravel\\framework\\src\\Illuminate\\Pipeline\\Pipeline.php(116): Illuminate\\Pipeline\\Pipeline->Illuminate\\Pipeline\\{closure}(Object(Illuminate\\Http\\Request))
#57 C:\\xampp\\htdocs\\Portfolio\\Azure-VM\\erpnbs\\vendor\\laravel\\framework\\src\\Illuminate\\Foundation\\Http\\Kernel.php(175): Illuminate\\Pipeline\\Pipeline->then(Object(Closure))
#58 C:\\xampp\\htdocs\\Portfolio\\Azure-VM\\erpnbs\\vendor\\laravel\\framework\\src\\Illuminate\\Foundation\\Http\\Kernel.php(144): Illuminate\\Foundation\\Http\\Kernel->sendRequestThroughRouter(Object(Illuminate\\Http\\Request))
#59 C:\\xampp\\htdocs\\Portfolio\\Azure-VM\\erpnbs\\public\\index.php(51): Illuminate\\Foundation\\Http\\Kernel->handle(Object(Illuminate\\Http\\Request))
#60 C:\\xampp\\htdocs\\Portfolio\\Azure-VM\\erpnbs\\vendor\\laravel\\framework\\src\\Illuminate\\Foundation\\resources\\server.php(16): require_once('C:\\\\xampp\\\\htdocs...')
#61 {main}
"} 
[2026-08-08 12:24:40] local.ERROR: Attempt to read property "id" on null {"view":{"view":"C:\\xampp\\htdocs\\Portfolio\\Azure-VM\\erpnbs\\resources\\views\\layouts\\auth.blade.php","data":{"errors":"<pre class=sf-dump id=sf-dump-297076228 data-indent-pad=\"  \"><span class=sf-dump-note>Illuminate\\Support\\ViewErrorBag</span> {<a class=sf-dump-ref>#3298</a><samp data-depth=1 class=sf-dump-expanded>
  #<span class=sf-dump-protected title=\"Protected property\">bags</span>: []
</samp>}
</pre><script>Sfdump(\"sf-dump-297076228\", {\"maxDepth\":3,\"maxStringLength\":160})</script>
","lang":"<pre class=sf-dump id=sf-dump-927905142 data-indent-pad=\"  \">\"<span class=sf-dump-str title=\"2 characters\">en</span>\"
</pre><script>Sfdump(\"sf-dump-927905142\", {\"maxDepth\":3,\"maxStringLength\":160})</script>
","settings":"<pre class=sf-dump id=sf-dump-1870699023 data-indent-pad=\"  \"><span class=sf-dump-note>array:178</span> [<samp data-depth=1 class=sf-dump-expanded>
  \"<span class=sf-dump-key>site_currency</span>\" => \"<span class=sf-dump-str title=\"3 characters\">USD</span>\"
  \"<span class=sf-dump-key>site_currency_symbol</span>\" => \"<span class=sf-dump-str>$</span>\"
  \"<span class=sf-dump-key>site_currency_symbol_position</span>\" => \"<span class=sf-dump-str title=\"3 characters\">pre</span>\"
  \"<span class=sf-dump-key>site_date_format</span>\" => \"<span class=sf-dump-str title=\"6 characters\">M j, Y</span>\"
  \"<span class=sf-dump-key>site_time_format</span>\" => \"<span class=sf-dump-str title=\"5 characters\">g:i A</span>\"
  \"<span class=sf-dump-key>company_name</span>\" => \"\"
  \"<span class=sf-dump-key>company_address</span>\" => \"\"
  \"<span class=sf-dump-key>company_city</span>\" => \"\"
  \"<span class=sf-dump-key>company_state</span>\" => \"\"
  \"<span class=sf-dump-key>company_zipcode</span>\" => \"\"
  \"<span class=sf-dump-key>company_country</span>\" => \"\"
  \"<span class=sf-dump-key>company_telephone</span>\" => \"\"
  \"<span class=sf-dump-key>invoice_prefix</span>\" => \"<span class=sf-dump-str title=\"5 characters\">#INVO</span>\"
  \"<span class=sf-dump-key>invoice_color</span>\" => \"<span class=sf-dump-str title=\"6 characters\">ffffff</span>\"
  \"<span class=sf-dump-key>proposal_prefix</span>\" => \"<span class=sf-dump-str title=\"5 characters\">#PROP</span>\"
  \"<span class=sf-dump-key>proposal_color</span>\" => \"<span class=sf-dump-str title=\"6 characters\">ffffff</span>\"
  \"<span class=sf-dump-key>bill_prefix</span>\" => \"<span class=sf-dump-str title=\"5 characters\">#BILL</span>\"
  \"<span class=sf-dump-key>expense_prefix</span>\" => \"<span class=sf-dump-str title=\"4 characters\">#EXP</span>\"
  \"<span class=sf-dump-key>bill_color</span>\" => \"<span class=sf-dump-str title=\"6 characters\">ffffff</span>\"
  \"<span class=sf-dump-key>customer_prefix</span>\" => \"<span class=sf-dump-str title=\"5 characters\">#CUST</span>\"
  \"<span class=sf-dump-key>vender_prefix</span>\" => \"<span class=sf-dump-str title=\"5 characters\">#VEND</span>\"
  \"<span class=sf-dump-key>footer_title</span>\" => \"\"
  \"<span class=sf-dump-key>footer_notes</span>\" => \"\"
  \"<span class=sf-dump-key>invoice_template</span>\" => \"<span class=sf-dump-str title=\"9 characters\">template1</span>\"
  \"<span class=sf-dump-key>bill_template</span>\" => \"<span class=sf-dump-str title=\"9 characters\">template1</span>\"
  \"<span class=sf-dump-key>proposal_template</span>\" => \"<span class=sf-dump-str title=\"9 characters\">template1</span>\"
  \"<span class=sf-dump-key>registration_number</span>\" => \"\"
  \"<span class=sf-dump-key>vat_number</span>\" => \"\"
  \"<span class=sf-dump-key>default_language</span>\" => \"<span class=sf-dump-str title=\"2 characters\">en</span>\"
  \"<span class=sf-dump-key>enable_stripe</span>\" => \"\"
  \"<span class=sf-dump-key>enable_paypal</span>\" => \"\"
  \"<span class=sf-dump-key>paypal_mode</span>\" => \"\"
  \"<span class=sf-dump-key>paypal_client_id</span>\" => \"\"
  \"<span class=sf-dump-key>paypal_secret_key</span>\" => \"\"
  \"<span class=sf-dump-key>stripe_key</span>\" => \"\"
  \"<span class=sf-dump-key>stripe_secret</span>\" => \"\"
  \"<span class=sf-dump-key>decimal_number</span>\" => \"<span class=sf-dump-str>2</span>\"
  \"<span class=sf-dump-key>tax_type</span>\" => \"\"
  \"<span class=sf-dump-key>shipping_display</span>\" => \"<span class=sf-dump-str title=\"2 characters\">on</span>\"
  \"<span class=sf-dump-key>journal_prefix</span>\" => \"<span class=sf-dump-str title=\"4 characters\">#JUR</span>\"
  \"<span class=sf-dump-key>display_landing_page</span>\" => \"<span class=sf-dump-str title=\"2 characters\">on</span>\"
  \"<span class=sf-dump-key>employee_prefix</span>\" => \"<span class=sf-dump-str title=\"6 characters\">#EMP00</span>\"
  \"<span class=sf-dump-key>leave_status</span>\" => \"<span class=sf-dump-str>1</span>\"
  \"<span class=sf-dump-key>bug_prefix</span>\" => \"<span class=sf-dump-str title=\"6 characters\">#ISSUE</span>\"
  \"<span class=sf-dump-key>title_text</span>\" => \"\"
  \"<span class=sf-dump-key>footer_text</span>\" => \"\"
  \"<span class=sf-dump-key>company_start_time</span>\" => \"<span class=sf-dump-str title=\"5 characters\">09:00</span>\"
  \"<span class=sf-dump-key>company_end_time</span>\" => \"<span class=sf-dump-str title=\"5 characters\">18:00</span>\"
  \"<span class=sf-dump-key>gdpr_cookie</span>\" => \"<span class=sf-dump-str title=\"3 characters\">off</span>\"
  \"<span class=sf-dump-key>interval_time</span>\" => \"\"
  \"<span class=sf-dump-key>zoom_apikey</span>\" => \"\"
  \"<span class=sf-dump-key>zoom_apisecret</span>\" => \"\"
  \"<span class=sf-dump-key>slack_webhook</span>\" => \"\"
  \"<span class=sf-dump-key>telegram_accestoken</span>\" => \"\"
  \"<span class=sf-dump-key>telegram_chatid</span>\" => \"\"
  \"<span class=sf-dump-key>enable_signup</span>\" => \"<span class=sf-dump-str title=\"2 characters\">on</span>\"
  \"<span class=sf-dump-key>cookie_text</span>\" => \"<span class=sf-dump-str title=\"155 characters\">We use cookies to ensure that we give you the best experience on our website. If you continue to use this site we will assume that you are happy with it.<span class=\"sf-dump-default sf-dump-ns\">\\r\\n</span></span>\"
  \"<span class=sf-dump-key>company_logo_light</span>\" => \"<span class=sf-dump-str title=\"14 characters\">logo-light.png</span>\"
  \"<span class=sf-dump-key>company_logo_dark</span>\" => \"<span class=sf-dump-str title=\"13 characters\">logo-dark.png</span>\"
  \"<span class=sf-dump-key>company_favicon</span>\" => \"<span class=sf-dump-str title=\"11 characters\">favicon.png</span>\"
  \"<span class=sf-dump-key>cust_theme_bg</span>\" => \"<span class=sf-dump-str title=\"2 characters\">on</span>\"
  \"<span class=sf-dump-key>cust_darklayout</span>\" => \"<span class=sf-dump-str title=\"3 characters\">off</span>\"
  \"<span class=sf-dump-key>color</span>\" => \"\"
  \"<span class=sf-dump-key>SITE_RTL</span>\" => \"<span class=sf-dump-str title=\"3 characters\">off</span>\"
  \"<span class=sf-dump-key>purchase_prefix</span>\" => \"<span class=sf-dump-str title=\"4 characters\">#PUR</span>\"
  \"<span class=sf-dump-key>purchase_color</span>\" => \"<span class=sf-dump-str title=\"6 characters\">ffffff</span>\"
  \"<span class=sf-dump-key>purchase_template</span>\" => \"<span class=sf-dump-str title=\"9 characters\">template1</span>\"
  \"<span class=sf-dump-key>pos_color</span>\" => \"<span class=sf-dump-str title=\"6 characters\">ffffff</span>\"
  \"<span class=sf-dump-key>pos_template</span>\" => \"<span class=sf-dump-str title=\"9 characters\">template1</span>\"
  \"<span class=sf-dump-key>pos_prefix</span>\" => \"<span class=sf-dump-str title=\"4 characters\">#POS</span>\"
  \"<span class=sf-dump-key>quotation_prefix</span>\" => \"<span class=sf-dump-str title=\"4 characters\">#QUO</span>\"
  \"<span class=sf-dump-key>quotation_logo</span>\" => \"\"
  \"<span class=sf-dump-key>quotation_color</span>\" => \"<span class=sf-dump-str title=\"6 characters\">ffffff</span>\"
  \"<span class=sf-dump-key>quotation_template</span>\" => \"<span class=sf-dump-str title=\"9 characters\">template1</span>\"
  \"<span class=sf-dump-key>storage_setting</span>\" => \"<span class=sf-dump-str title=\"5 characters\">local</span>\"
  \"<span class=sf-dump-key>local_storage_validation</span>\" => \"<span class=sf-dump-str title=\"29 characters\">jpg,jpeg,png,xlsx,xls,csv,pdf</span>\"
  \"<span class=sf-dump-key>local_storage_max_upload_size</span>\" => \"<span class=sf-dump-str title=\"7 characters\">2048000</span>\"
  \"<span class=sf-dump-key>s3_key</span>\" => \"\"
  \"<span class=sf-dump-key>s3_secret</span>\" => \"\"
  \"<span class=sf-dump-key>s3_region</span>\" => \"\"
  \"<span class=sf-dump-key>s3_bucket</span>\" => \"\"
  \"<span class=sf-dump-key>s3_url</span>\" => \"\"
  \"<span class=sf-dump-key>s3_endpoint</span>\" => \"\"
  \"<span class=sf-dump-key>s3_max_upload_size</span>\" => \"\"
  \"<span class=sf-dump-key>s3_storage_validation</span>\" => \"\"
  \"<span class=sf-dump-key>wasabi_key</span>\" => \"\"
  \"<span class=sf-dump-key>wasabi_secret</span>\" => \"\"
  \"<span class=sf-dump-key>wasabi_region</span>\" => \"\"
  \"<span class=sf-dump-key>wasabi_bucket</span>\" => \"\"
  \"<span class=sf-dump-key>wasabi_url</span>\" => \"\"
  \"<span class=sf-dump-key>wasabi_root</span>\" => \"\"
  \"<span class=sf-dump-key>wasabi_max_upload_size</span>\" => \"\"
  \"<span class=sf-dump-key>wasabi_storage_validation</span>\" => \"\"
  \"<span class=sf-dump-key>purchase_logo</span>\" => \"\"
  \"<span class=sf-dump-key>proposal_logo</span>\" => \"\"
  \"<span class=sf-dump-key>invoice_logo</span>\" => \"\"
  \"<span class=sf-dump-key>pos_logo</span>\" => \"\"
  \"<span class=sf-dump-key>contract_prefix</span>\" => \"<span class=sf-dump-str title=\"4 characters\">#CON</span>\"
  \"<span class=sf-dump-key>barcode_type</span>\" => \"<span class=sf-dump-str title=\"7 characters\">code128</span>\"
  \"<span class=sf-dump-key>barcode_format</span>\" => \"<span class=sf-dump-str title=\"3 characters\">css</span>\"
  \"<span class=sf-dump-key>new_user</span>\" => \"<span class=sf-dump-str>1</span>\"
  \"<span class=sf-dump-key>new_client</span>\" => \"<span class=sf-dump-str>1</span>\"
  \"<span class=sf-dump-key>new_support_ticket</span>\" => \"<span class=sf-dump-str>1</span>\"
  \"<span class=sf-dump-key>lead_assigned</span>\" => \"<span class=sf-dump-str>1</span>\"
  \"<span class=sf-dump-key>deal_assigned</span>\" => \"<span class=sf-dump-str>1</span>\"
  \"<span class=sf-dump-key>new_award</span>\" => \"<span class=sf-dump-str>1</span>\"
  \"<span class=sf-dump-key>customer_invoice_sent</span>\" => \"<span class=sf-dump-str>1</span>\"
  \"<span class=sf-dump-key>new_invoice_payment</span>\" => \"<span class=sf-dump-str>1</span>\"
  \"<span class=sf-dump-key>new_payment_reminder</span>\" => \"<span class=sf-dump-str>1</span>\"
  \"<span class=sf-dump-key>new_bill_payment</span>\" => \"<span class=sf-dump-str>1</span>\"
  \"<span class=sf-dump-key>bill_resent</span>\" => \"<span class=sf-dump-str>1</span>\"
  \"<span class=sf-dump-key>proposal_sent</span>\" => \"<span class=sf-dump-str>1</span>\"
  \"<span class=sf-dump-key>complaint_resent</span>\" => \"<span class=sf-dump-str>1</span>\"
  \"<span class=sf-dump-key>leave_action_sent</span>\" => \"<span class=sf-dump-str>1</span>\"
  \"<span class=sf-dump-key>payslip_sent</span>\" => \"<span class=sf-dump-str>1</span>\"
  \"<span class=sf-dump-key>promotion_sent</span>\" => \"<span class=sf-dump-str>1</span>\"
  \"<span class=sf-dump-key>resignation_sent</span>\" => \"<span class=sf-dump-str>1</span>\"
  \"<span class=sf-dump-key>termination_sent</span>\" => \"<span class=sf-dump-str>1</span>\"
  \"<span class=sf-dump-key>transfer_sent</span>\" => \"<span class=sf-dump-str>1</span>\"
  \"<span class=sf-dump-key>trip_sent</span>\" => \"<span class=sf-dump-str>1</span>\"
  \"<span class=sf-dump-key>vender_bill_sent</span>\" => \"<span class=sf-dump-str>1</span>\"
  \"<span class=sf-dump-key>warning_sent</span>\" => \"<span class=sf-dump-str>1</span>\"
  \"<span class=sf-dump-key>new_contract</span>\" => \"<span class=sf-dump-str>1</span>\"
  \"<span class=sf-dump-key>new_project</span>\" => \"<span class=sf-dump-str>1</span>\"
  \"<span class=sf-dump-key>new_task</span>\" => \"<span class=sf-dump-str>1</span>\"
  \"<span class=sf-dump-key>task_status_updated</span>\" => \"<span class=sf-dump-str>1</span>\"
  \"<span class=sf-dump-key>new_leave</span>\" => \"<span class=sf-dump-str>1</span>\"
  \"<span class=sf-dump-key>project_assign_member</span>\" => \"<span class=sf-dump-str>1</span>\"
  \"<span class=sf-dump-key>vat_gst_number_switch</span>\" => \"<span class=sf-dump-str title=\"3 characters\">off</span>\"
  \"<span class=sf-dump-key>google_calendar_enable</span>\" => \"<span class=sf-dump-str title=\"3 characters\">off</span>\"
  \"<span class=sf-dump-key>google_calender_json_file</span>\" => \"\"
  \"<span class=sf-dump-key>enable_cookie</span>\" => \"<span class=sf-dump-str title=\"2 characters\">on</span>\"
  \"<span class=sf-dump-key>necessary_cookies</span>\" => \"<span class=sf-dump-str title=\"2 characters\">on</span>\"
  \"<span class=sf-dump-key>cookie_logging</span>\" => \"<span class=sf-dump-str title=\"2 characters\">on</span>\"
  \"<span class=sf-dump-key>cookie_title</span>\" => \"<span class=sf-dump-str title=\"15 characters\">We use cookies!</span>\"
  \"<span class=sf-dump-key>cookie_description</span>\" => \"<span class=sf-dump-str title=\"130 characters\">Hi, this website uses essential cookies to ensure its proper operation and tracking cookies to understand how you interact with it</span>\"
  \"<span class=sf-dump-key>strictly_cookie_title</span>\" => \"<span class=sf-dump-str title=\"26 characters\">Strictly necessary cookies</span>\"
  \"<span class=sf-dump-key>strictly_cookie_description</span>\" => \"<span class=sf-dump-str title=\"128 characters\">These cookies are essential for the proper functioning of my website. Without these cookies, the website would not work properly</span>\"
  \"<span class=sf-dump-key>more_information_description</span>\" => \"<span class=sf-dump-str title=\"88 characters\">For any queries in relation to our policy on cookies and your choices, please contact us</span>\"
  \"<span class=sf-dump-key>contactus_url</span>\" => \"<span class=sf-dump-str>#</span>\"
  \"<span class=sf-dump-key>twilio_sid</span>\" => \"\"
  \"<span class=sf-dump-key>twilio_token</span>\" => \"\"
  \"<span class=sf-dump-key>twilio_from</span>\" => \"\"
  \"<span class=sf-dump-key>ai_chatgpt_enable</span>\" => \"<span class=sf-dump-str title=\"3 characters\">off</span>\"
  \"<span class=sf-dump-key>chat_gpt_key</span>\" => \"\"
  \"<span class=sf-dump-key>chat_gpt_model</span>\" => \"\"
  \"<span class=sf-dump-key>ip_restrict</span>\" => \"<span class=sf-dump-str title=\"3 characters\">off</span>\"
  \"<span class=sf-dump-key>mail_driver</span>\" => \"\"
  \"<span class=sf-dump-key>mail_host</span>\" => \"\"
  \"<span class=sf-dump-key>mail_port</span>\" => \"\"
  \"<span class=sf-dump-key>mail_username</span>\" => \"\"
  \"<span class=sf-dump-key>mail_password</span>\" => \"\"
  \"<span class=sf-dump-key>mail_encryption</span>\" => \"\"
  \"<span class=sf-dump-key>mail_from_address</span>\" => \"\"
  \"<span class=sf-dump-key>mail_from_name</span>\" => \"\"
  \"<span class=sf-dump-key>timezone</span>\" => \"\"
  \"<span class=sf-dump-key>recaptcha_module</span>\" => \"\"
  \"<span class=sf-dump-key>google_recaptcha_key</span>\" => \"\"
  \"<span class=sf-dump-key>google_recaptcha_secret</span>\" => \"\"
  \"<span class=sf-dump-key>google_recaptcha_version</span>\" => \"\"
  \"<span class=sf-dump-key>pusher_app_id</span>\" => \"\"
  \"<span class=sf-dump-key>pusher_app_key</span>\" => \"\"
  \"<span class=sf-dump-key>pusher_app_secret</span>\" => \"\"
  \"<span class=sf-dump-key>pusher_app_cluster</span>\" => \"\"
  \"<span class=sf-dump-key>color_flag</span>\" => \"<span class=sf-dump-str title=\"5 characters\">false</span>\"
  \"<span class=sf-dump-key>currency_space</span>\" => \"<span class=sf-dump-str title=\"9 characters\">withspace</span>\"
  \"<span class=sf-dump-key>decimal_separator</span>\" => \"<span class=sf-dump-str title=\"3 characters\">dot</span>\"
  \"<span class=sf-dump-key>thousand_separator</span>\" => \"<span class=sf-dump-str title=\"3 characters\">dot</span>\"
  \"<span class=sf-dump-key>currency_symbol</span>\" => \"<span class=sf-dump-str title=\"18 characters\">withcurrencysymbol</span>\"
  \"<span class=sf-dump-key>float_number</span>\" => \"<span class=sf-dump-str title=\"5 characters\">comma</span>\"
  \"<span class=sf-dump-key>zkteco_api_url</span>\" => \"\"
  \"<span class=sf-dump-key>username</span>\" => \"\"
  \"<span class=sf-dump-key>user_password</span>\" => \"\"
  \"<span class=sf-dump-key>auth_token</span>\" => \"\"
  \"<span class=sf-dump-key>qr_display</span>\" => \"<span class=sf-dump-str title=\"2 characters\">on</span>\"
  \"<span class=sf-dump-key>bill_qr_display</span>\" => \"<span class=sf-dump-str title=\"2 characters\">on</span>\"
  \"<span class=sf-dump-key>invoice_qr_display</span>\" => \"<span class=sf-dump-str title=\"2 characters\">on</span>\"
  \"<span class=sf-dump-key>pos_purchase_qr_display</span>\" => \"<span class=sf-dump-str title=\"2 characters\">on</span>\"
</samp>]
</pre><script>Sfdump(\"sf-dump-1870699023\", {\"maxDepth\":3,\"maxStringLength\":160})</script>
","logo":"<pre class=sf-dump id=sf-dump-986026763 data-indent-pad=\"  \">\"<span class=sf-dump-str title=\"43 characters\">http://127.0.0.1:8000/storage/uploads/logo/</span>\"
</pre><script>Sfdump(\"sf-dump-986026763\", {\"maxDepth\":3,\"maxStringLength\":160})</script>
","company_logo":"<pre class=sf-dump id=sf-dump-229741234 data-indent-pad=\"  \">\"\"
</pre><script>Sfdump(\"sf-dump-229741234\", {\"maxDepth\":3,\"maxStringLength\":160})</script>
","languages":"<pre class=sf-dump id=sf-dump-1650483320 data-indent-pad=\"  \"><span class=sf-dump-note>Illuminate\\Support\\Collection</span> {<a class=sf-dump-ref>#3354</a><samp data-depth=1 class=sf-dump-expanded>
  #<span class=sf-dump-protected title=\"Protected property\">items</span>: <span class=sf-dump-note>array:1</span> [<samp data-depth=2 class=sf-dump-compact>
    \"<span class=sf-dump-key>en</span>\" => \"<span class=sf-dump-str title=\"7 characters\">English</span>\"
  </samp>]
  #<span class=sf-dump-protected title=\"Protected property\">escapeWhenCastingToString</span>: <span class=sf-dump-const>false</span>
</samp>}
</pre><script>Sfdump(\"sf-dump-1650483320\", {\"maxDepth\":3,\"maxStringLength\":160})</script>
","__currentLoopData":"<pre class=sf-dump id=sf-dump-1860582502 data-indent-pad=\"  \"><span class=sf-dump-note>Illuminate\\Support\\Collection</span> {<a class=sf-dump-ref>#3354</a><samp data-depth=1 class=sf-dump-expanded>
  #<span class=sf-dump-protected title=\"Protected property\">items</span>: <span class=sf-dump-note>array:1</span> [<samp data-depth=2 class=sf-dump-compact>
    \"<span class=sf-dump-key>en</span>\" => \"<span class=sf-dump-str title=\"7 characters\">English</span>\"
  </samp>]
  #<span class=sf-dump-protected title=\"Protected property\">escapeWhenCastingToString</span>: <span class=sf-dump-const>false</span>
</samp>}
</pre><script>Sfdump(\"sf-dump-1860582502\", {\"maxDepth\":3,\"maxStringLength\":160})</script>
","language":"<pre class=sf-dump id=sf-dump-1518951863 data-indent-pad=\"  \">\"<span class=sf-dump-str title=\"7 characters\">English</span>\"
</pre><script>Sfdump(\"sf-dump-1518951863\", {\"maxDepth\":3,\"maxStringLength\":160})</script>
","code":"<pre class=sf-dump id=sf-dump-510404641 data-indent-pad=\"  \">\"<span class=sf-dump-str title=\"2 characters\">en</span>\"
</pre><script>Sfdump(\"sf-dump-510404641\", {\"maxDepth\":3,\"maxStringLength\":160})</script>
","loop":"<pre class=sf-dump id=sf-dump-108360590 data-indent-pad=\"  \"><span class=sf-dump-const>null</span>
</pre><script>Sfdump(\"sf-dump-108360590\", {\"maxDepth\":3,\"maxStringLength\":160})</script>
"}},"exception":"[object] (Spatie\\LaravelIgnition\\Exceptions\\ViewException(code: 0): Attempt to read property \"id\" on null at C:\\xampp\\htdocs\\Portfolio\\Azure-VM\\erpnbs\\app\\Models\\Utility.php:3805)
[stacktrace]
#0 C:\\xampp\\htdocs\\Portfolio\\Azure-VM\\erpnbs\\vendor\\laravel\\framework\\src\\Illuminate\\Foundation\\Bootstrap\\HandleExceptions.php(254): Illuminate\\Foundation\\Bootstrap\\HandleExceptions->handleError(2, 'Attempt to read...', 'C:\\\\xampp\\\\htdocs...', 3805)
#1 C:\\xampp\\htdocs\\Portfolio\\Azure-VM\\erpnbs\\app\\Models\\Utility.php(3805): Illuminate\\Foundation\\Bootstrap\\HandleExceptions->Illuminate\\Foundation\\Bootstrap\\{closure}(2, 'Attempt to read...', 'C:\\\\xampp\\\\htdocs...', 3805)
#2 C:\\xampp\\htdocs\\Portfolio\\Azure-VM\\erpnbs\\app\\Models\\Utility.php(3835): App\\Models\\Utility::colorset()
#3 C:\\xampp\\htdocs\\Portfolio\\Azure-VM\\erpnbs\\resources\\views\\layouts\\auth.blade.php(2): App\\Models\\Utility::GetLogo()
#4 C:\\xampp\\htdocs\\Portfolio\\Azure-VM\\erpnbs\\vendor\\laravel\\framework\\src\\Illuminate\\Filesystem\\Filesystem.php(124): require('C:\\\\xampp\\\\htdocs...')
#5 C:\\xampp\\htdocs\\Portfolio\\Azure-VM\\erpnbs\\vendor\\laravel\\framework\\src\\Illuminate\\Filesystem\\Filesystem.php(125): Illuminate\\Filesystem\\Filesystem::Illuminate\\Filesystem\\{closure}()
#6 C:\\xampp\\htdocs\\Portfolio\\Azure-VM\\erpnbs\\vendor\\laravel\\framework\\src\\Illuminate\\View\\Engines\\PhpEngine.php(58): Illuminate\\Filesystem\\Filesystem->getRequire('C:\\\\xampp\\\\htdocs...', Array)
#7 C:\\xampp\\htdocs\\Portfolio\\Azure-VM\\erpnbs\\vendor\\laravel\\framework\\src\\Illuminate\\View\\Engines\\CompilerEngine.php(72): Illuminate\\View\\Engines\\PhpEngine->evaluatePath('C:\\\\xampp\\\\htdocs...', Array)
#8 C:\\xampp\\htdocs\\Portfolio\\Azure-VM\\erpnbs\\vendor\\laravel\\framework\\src\\Illuminate\\View\\View.php(195): Illuminate\\View\\Engines\\CompilerEngine->get('C:\\\\xampp\\\\htdocs...', Array)
#9 C:\\xampp\\htdocs\\Portfolio\\Azure-VM\\erpnbs\\vendor\\laravel\\framework\\src\\Illuminate\\View\\View.php(178): Illuminate\\View\\View->getContents()
#10 C:\\xampp\\htdocs\\Portfolio\\Azure-VM\\erpnbs\\vendor\\laravel\\framework\\src\\Illuminate\\View\\View.php(147): Illuminate\\View\\View->renderContents()
#11 C:\\xampp\\htdocs\\Portfolio\\Azure-VM\\erpnbs\\resources\\views\\auth\\login.blade.php(138): Illuminate\\View\\View->render()
#12 C:\\xampp\\htdocs\\Portfolio\\Azure-VM\\erpnbs\\vendor\\laravel\\framework\\src\\Illuminate\\Filesystem\\Filesystem.php(124): require('C:\\\\xampp\\\\htdocs...')
#13 C:\\xampp\\htdocs\\Portfolio\\Azure-VM\\erpnbs\\vendor\\laravel\\framework\\src\\Illuminate\\Filesystem\\Filesystem.php(125): Illuminate\\Filesystem\\Filesystem::Illuminate\\Filesystem\\{closure}()
#14 C:\\xampp\\htdocs\\Portfolio\\Azure-VM\\erpnbs\\vendor\\laravel\\framework\\src\\Illuminate\\View\\Engines\\PhpEngine.php(58): Illuminate\\Filesystem\\Filesystem->getRequire('C:\\\\xampp\\\\htdocs...', Array)
#15 C:\\xampp\\htdocs\\Portfolio\\Azure-VM\\erpnbs\\vendor\\laravel\\framework\\src\\Illuminate\\View\\Engines\\CompilerEngine.php(72): Illuminate\\View\\Engines\\PhpEngine->evaluatePath('C:\\\\xampp\\\\htdocs...', Array)
#16 C:\\xampp\\htdocs\\Portfolio\\Azure-VM\\erpnbs\\vendor\\laravel\\framework\\src\\Illuminate\\View\\View.php(195): Illuminate\\View\\Engines\\CompilerEngine->get('C:\\\\xampp\\\\htdocs...', Array)
#17 C:\\xampp\\htdocs\\Portfolio\\Azure-VM\\erpnbs\\vendor\\laravel\\framework\\src\\Illuminate\\View\\View.php(178): Illuminate\\View\\View->getContents()
#18 C:\\xampp\\htdocs\\Portfolio\\Azure-VM\\erpnbs\\vendor\\laravel\\framework\\src\\Illuminate\\View\\View.php(147): Illuminate\\View\\View->renderContents()
#19 C:\\xampp\\htdocs\\Portfolio\\Azure-VM\\erpnbs\\vendor\\laravel\\framework\\src\\Illuminate\\Http\\Response.php(69): Illuminate\\View\\View->render()
#20 C:\\xampp\\htdocs\\Portfolio\\Azure-VM\\erpnbs\\vendor\\laravel\\framework\\src\\Illuminate\\Http\\Response.php(35): Illuminate\\Http\\Response->setContent(Object(Illuminate\\View\\View))
#21 C:\\xampp\\htdocs\\Portfolio\\Azure-VM\\erpnbs\\vendor\\laravel\\framework\\src\\Illuminate\\Routing\\Router.php(906): Illuminate\\Http\\Response->__construct(Object(Illuminate\\View\\View), 200, Array)
#22 C:\\xampp\\htdocs\\Portfolio\\Azure-VM\\erpnbs\\vendor\\laravel\\framework\\src\\Illuminate\\Routing\\Router.php(875): Illuminate\\Routing\\Router::toResponse(Object(Illuminate\\Http\\Request), Object(Illuminate\\View\\View))
#23 C:\\xampp\\htdocs\\Portfolio\\Azure-VM\\erpnbs\\vendor\\laravel\\framework\\src\\Illuminate\\Routing\\Router.php(797): Illuminate\\Routing\\Router->prepareResponse(Object(Illuminate\\Http\\Request), Object(Illuminate\\View\\View))
#24 C:\\xampp\\htdocs\\Portfolio\\Azure-VM\\erpnbs\\vendor\\laravel\\framework\\src\\Illuminate\\Pipeline\\Pipeline.php(141): Illuminate\\Routing\\Router->Illuminate\\Routing\\{closure}(Object(Illuminate\\Http\\Request))
#25 C:\\xampp\\htdocs\\Portfolio\\Azure-VM\\erpnbs\\app\\Http\\Middleware\\RedirectIfAuthenticated.php(30): Illuminate\\Pipeline\\Pipeline->Illuminate\\Pipeline\\{closure}(Object(Illuminate\\Http\\Request))
#26 C:\\xampp\\htdocs\\Portfolio\\Azure-VM\\erpnbs\\vendor\\laravel\\framework\\src\\Illuminate\\Pipeline\\Pipeline.php(180): App\\Http\\Middleware\\RedirectIfAuthenticated->handle(Object(Illuminate\\Http\\Request), Object(Closure))
#27 C:\\xampp\\htdocs\\Portfolio\\Azure-VM\\erpnbs\\app\\Http\\Middleware\\CheckExpiryTime.php(55): Illuminate\\Pipeline\\Pipeline->Illuminate\\Pipeline\\{closure}(Object(Illuminate\\Http\\Request))
#28 C:\\xampp\\htdocs\\Portfolio\\Azure-VM\\erpnbs\\vendor\\laravel\\framework\\src\\Illuminate\\Pipeline\\Pipeline.php(180): App\\Http\\Middleware\\CheckExpiryTime->handle(Object(Illuminate\\Http\\Request), Object(Closure))
#29 C:\\xampp\\htdocs\\Portfolio\\Azure-VM\\erpnbs\\vendor\\laravel\\framework\\src\\Illuminate\\Routing\\Middleware\\SubstituteBindings.php(50): Illuminate\\Pipeline\\Pipeline->Illuminate\\Pipeline\\{closure}(Object(Illuminate\\Http\\Request))
#30 C:\\xampp\\htdocs\\Portfolio\\Azure-VM\\erpnbs\\vendor\\laravel\\framework\\src\\Illuminate\\Pipeline\\Pipeline.php(180): Illuminate\\Routing\\Middleware\\SubstituteBindings->handle(Object(Illuminate\\Http\\Request), Object(Closure))
#31 C:\\xampp\\htdocs\\Portfolio\\Azure-VM\\erpnbs\\vendor\\laravel\\framework\\src\\Illuminate\\Foundation\\Http\\Middleware\\VerifyCsrfToken.php(78): Illuminate\\Pipeline\\Pipeline->Illuminate\\Pipeline\\{closure}(Object(Illuminate\\Http\\Request))
#32 C:\\xampp\\htdocs\\Portfolio\\Azure-VM\\erpnbs\\vendor\\laravel\\framework\\src\\Illuminate\\Pipeline\\Pipeline.php(180): Illuminate\\Foundation\\Http\\Middleware\\VerifyCsrfToken->handle(Object(Illuminate\\Http\\Request), Object(Closure))
#33 C:\\xampp\\htdocs\\Portfolio\\Azure-VM\\erpnbs\\vendor\\laravel\\framework\\src\\Illuminate\\View\\Middleware\\ShareErrorsFromSession.php(49): Illuminate\\Pipeline\\Pipeline->Illuminate\\Pipeline\\{closure}(Object(Illuminate\\Http\\Request))
#34 C:\\xampp\\htdocs\\Portfolio\\Azure-VM\\erpnbs\\vendor\\laravel\\framework\\src\\Illuminate\\Pipeline\\Pipeline.php(180): Illuminate\\View\\Middleware\\ShareErrorsFromSession->handle(Object(Illuminate\\Http\\Request), Object(Closure))
#35 C:\\xampp\\htdocs\\Portfolio\\Azure-VM\\erpnbs\\vendor\\laravel\\framework\\src\\Illuminate\\Session\\Middleware\\StartSession.php(121): Illuminate\\Pipeline\\Pipeline->Illuminate\\Pipeline\\{closure}(Object(Illuminate\\Http\\Request))
#36 C:\\xampp\\htdocs\\Portfolio\\Azure-VM\\erpnbs\\vendor\\laravel\\framework\\src\\Illuminate\\Session\\Middleware\\StartSession.php(64): Illuminate\\Session\\Middleware\\StartSession->handleStatefulRequest(Object(Illuminate\\Http\\Request), Object(Illuminate\\Session\\Store), Object(Closure))
#37 C:\\xampp\\htdocs\\Portfolio\\Azure-VM\\erpnbs\\vendor\\laravel\\framework\\src\\Illuminate\\Pipeline\\Pipeline.php(180): Illuminate\\Session\\Middleware\\StartSession->handle(Object(Illuminate\\Http\\Request), Object(Closure))
#38 C:\\xampp\\htdocs\\Portfolio\\Azure-VM\\erpnbs\\vendor\\laravel\\framework\\src\\Illuminate\\Cookie\\Middleware\\AddQueuedCookiesToResponse.php(37): Illuminate\\Pipeline\\Pipeline->Illuminate\\Pipeline\\{closure}(Object(Illuminate\\Http\\Request))
#39 C:\\xampp\\htdocs\\Portfolio\\Azure-VM\\erpnbs\\vendor\\laravel\\framework\\src\\Illuminate\\Pipeline\\Pipeline.php(180): Illuminate\\Cookie\\Middleware\\AddQueuedCookiesToResponse->handle(Object(Illuminate\\Http\\Request), Object(Closure))
#40 C:\\xampp\\htdocs\\Portfolio\\Azure-VM\\erpnbs\\vendor\\laravel\\framework\\src\\Illuminate\\Cookie\\Middleware\\EncryptCookies.php(67): Illuminate\\Pipeline\\Pipeline->Illuminate\\Pipeline\\{closure}(Object(Illuminate\\Http\\Request))
#41 C:\\xampp\\htdocs\\Portfolio\\Azure-VM\\erpnbs\\vendor\\laravel\\framework\\src\\Illuminate\\Pipeline\\Pipeline.php(180): Illuminate\\Cookie\\Middleware\\EncryptCookies->handle(Object(Illuminate\\Http\\Request), Object(Closure))
#42 C:\\xampp\\htdocs\\Portfolio\\Azure-VM\\erpnbs\\vendor\\laravel\\framework\\src\\Illuminate\\Pipeline\\Pipeline.php(116): Illuminate\\Pipeline\\Pipeline->Illuminate\\Pipeline\\{closure}(Object(Illuminate\\Http\\Request))
#43 C:\\xampp\\htdocs\\Portfolio\\Azure-VM\\erpnbs\\vendor\\laravel\\framework\\src\\Illuminate\\Routing\\Router.php(797): Illuminate\\Pipeline\\Pipeline->then(Object(Closure))
#44 C:\\xampp\\htdocs\\Portfolio\\Azure-VM\\erpnbs\\vendor\\laravel\\framework\\src\\Illuminate\\Routing\\Router.php(776): Illuminate\\Routing\\Router->runRouteWithinStack(Object(Illuminate\\Routing\\Route), Object(Illuminate\\Http\\Request))
#45 C:\\xampp\\htdocs\\Portfolio\\Azure-VM\\erpnbs\\vendor\\laravel\\framework\\src\\Illuminate\\Routing\\Router.php(740): Illuminate\\Routing\\Router->runRoute(Object(Illuminate\\Http\\Request), Object(Illuminate\\Routing\\Route))
#46 C:\\xampp\\htdocs\\Portfolio\\Azure-VM\\erpnbs\\vendor\\laravel\\framework\\src\\Illuminate\\Routing\\Router.php(729): Illuminate\\Routing\\Router->dispatchToRoute(Object(Illuminate\\Http\\Request))
#47 C:\\xampp\\htdocs\\Portfolio\\Azure-VM\\erpnbs\\vendor\\laravel\\framework\\src\\Illuminate\\Foundation\\Http\\Kernel.php(200): Illuminate\\Routing\\Router->dispatch(Object(Illuminate\\Http\\Request))
#48 C:\\xampp\\htdocs\\Portfolio\\Azure-VM\\erpnbs\\vendor\\laravel\\framework\\src\\Illuminate\\Pipeline\\Pipeline.php(141): Illuminate\\Foundation\\Http\\Kernel->Illuminate\\Foundation\\Http\\{closure}(Object(Illuminate\\Http\\Request))
#49 C:\\xampp\\htdocs\\Portfolio\\Azure-VM\\erpnbs\\vendor\\barryvdh\\laravel-debugbar\\src\\Middleware\\InjectDebugbar.php(66): Illuminate\\Pipeline\\Pipeline->Illuminate\\Pipeline\\{closure}(Object(Illuminate\\Http\\Request))
#50 C:\\xampp\\htdocs\\Portfolio\\Azure-VM\\erpnbs\\vendor\\laravel\\framework\\src\\Illuminate\\Pipeline\\Pipeline.php(180): Barryvdh\\Debugbar\\Middleware\\InjectDebugbar->handle(Object(Illuminate\\Http\\Request), Object(Closure))
#51 C:\\xampp\\htdocs\\Portfolio\\Azure-VM\\erpnbs\\vendor\\laravel\\framework\\src\\Illuminate\\Foundation\\Http\\Middleware\\TransformsRequest.php(21): Illuminate\\Pipeline\\Pipeline->Illuminate\\Pipeline\\{closure}(Object(Illuminate\\Http\\Request))
#52 C:\\xampp\\htdocs\\Portfolio\\Azure-VM\\erpnbs\\vendor\\laravel\\framework\\src\\Illuminate\\Foundation\\Http\\Middleware\\ConvertEmptyStringsToNull.php(31): Illuminate\\Foundation\\Http\\Middleware\\TransformsRequest->handle(Object(Illuminate\\Http\\Request), Object(Closure))
#53 C:\\xampp\\htdocs\\Portfolio\\Azure-VM\\erpnbs\\vendor\\laravel\\framework\\src\\Illuminate\\Pipeline\\Pipeline.php(180): Illuminate\\Foundation\\Http\\Middleware\\ConvertEmptyStringsToNull->handle(Object(Illuminate\\Http\\Request), Object(Closure))
#54 C:\\xampp\\htdocs\\Portfolio\\Azure-VM\\erpnbs\\vendor\\laravel\\framework\\src\\Illuminate\\Foundation\\Http\\Middleware\\TransformsRequest.php(21): Illuminate\\Pipeline\\Pipeline->Illuminate\\Pipeline\\{closure}(Object(Illuminate\\Http\\Request))
#55 C:\\xampp\\htdocs\\Portfolio\\Azure-VM\\erpnbs\\vendor\\laravel\\framework\\src\\Illuminate\\Foundation\\Http\\Middleware\\TrimStrings.php(40): Illuminate\\Foundation\\Http\\Middleware\\TransformsRequest->handle(Object(Illuminate\\Http\\Request), Object(Closure))
#56 C:\\xampp\\htdocs\\Portfolio\\Azure-VM\\erpnbs\\vendor\\laravel\\framework\\src\\Illuminate\\Pipeline\\Pipeline.php(180): Illuminate\\Foundation\\Http\\Middleware\\TrimStrings->handle(Object(Illuminate\\Http\\Request), Object(Closure))
#57 C:\\xampp\\htdocs\\Portfolio\\Azure-VM\\erpnbs\\vendor\\laravel\\framework\\src\\Illuminate\\Foundation\\Http\\Middleware\\ValidatePostSize.php(27): Illuminate\\Pipeline\\Pipeline->Illuminate\\Pipeline\\{closure}(Object(Illuminate\\Http\\Request))
#58 C:\\xampp\\htdocs\\Portfolio\\Azure-VM\\erpnbs\\vendor\\laravel\\framework\\src\\Illuminate\\Pipeline\\Pipeline.php(180): Illuminate\\Foundation\\Http\\Middleware\\ValidatePostSize->handle(Object(Illuminate\\Http\\Request), Object(Closure))
#59 C:\\xampp\\htdocs\\Portfolio\\Azure-VM\\erpnbs\\vendor\\laravel\\framework\\src\\Illuminate\\Foundation\\Http\\Middleware\\PreventRequestsDuringMaintenance.php(99): Illuminate\\Pipeline\\Pipeline->Illuminate\\Pipeline\\{closure}(Object(Illuminate\\Http\\Request))
#60 C:\\xampp\\htdocs\\Portfolio\\Azure-VM\\erpnbs\\vendor\\laravel\\framework\\src\\Illuminate\\Pipeline\\Pipeline.php(180): Illuminate\\Foundation\\Http\\Middleware\\PreventRequestsDuringMaintenance->handle(Object(Illuminate\\Http\\Request), Object(Closure))
#61 C:\\xampp\\htdocs\\Portfolio\\Azure-VM\\erpnbs\\vendor\\laravel\\framework\\src\\Illuminate\\Http\\Middleware\\HandleCors.php(49): Illuminate\\Pipeline\\Pipeline->Illuminate\\Pipeline\\{closure}(Object(Illuminate\\Http\\Request))
#62 C:\\xampp\\htdocs\\Portfolio\\Azure-VM\\erpnbs\\vendor\\laravel\\framework\\src\\Illuminate\\Pipeline\\Pipeline.php(180): Illuminate\\Http\\Middleware\\HandleCors->handle(Object(Illuminate\\Http\\Request), Object(Closure))
#63 C:\\xampp\\htdocs\\Portfolio\\Azure-VM\\erpnbs\\vendor\\laravel\\framework\\src\\Illuminate\\Http\\Middleware\\TrustProxies.php(39): Illuminate\\Pipeline\\Pipeline->Illuminate\\Pipeline\\{closure}(Object(Illuminate\\Http\\Request))
#64 C:\\xampp\\htdocs\\Portfolio\\Azure-VM\\erpnbs\\vendor\\laravel\\framework\\src\\Illuminate\\Pipeline\\Pipeline.php(180): Illuminate\\Http\\Middleware\\TrustProxies->handle(Object(Illuminate\\Http\\Request), Object(Closure))
#65 C:\\xampp\\htdocs\\Portfolio\\Azure-VM\\erpnbs\\vendor\\laravel\\framework\\src\\Illuminate\\Pipeline\\Pipeline.php(116): Illuminate\\Pipeline\\Pipeline->Illuminate\\Pipeline\\{closure}(Object(Illuminate\\Http\\Request))
#66 C:\\xampp\\htdocs\\Portfolio\\Azure-VM\\erpnbs\\vendor\\laravel\\framework\\src\\Illuminate\\Foundation\\Http\\Kernel.php(175): Illuminate\\Pipeline\\Pipeline->then(Object(Closure))
#67 C:\\xampp\\htdocs\\Portfolio\\Azure-VM\\erpnbs\\vendor\\laravel\\framework\\src\\Illuminate\\Foundation\\Http\\Kernel.php(144): Illuminate\\Foundation\\Http\\Kernel->sendRequestThroughRouter(Object(Illuminate\\Http\\Request))
#68 C:\\xampp\\htdocs\\Portfolio\\Azure-VM\\erpnbs\\public\\index.php(51): Illuminate\\Foundation\\Http\\Kernel->handle(Object(Illuminate\\Http\\Request))
#69 C:\\xampp\\htdocs\\Portfolio\\Azure-VM\\erpnbs\\vendor\\laravel\\framework\\src\\Illuminate\\Foundation\\resources\\server.php(16): require_once('C:\\\\xampp\\\\htdocs...')
#70 {main}

[previous exception] [object] (ErrorException(code: 0): Attempt to read property \"id\" on null at C:\\xampp\\htdocs\\Portfolio\\Azure-VM\\erpnbs\\app\\Models\\Utility.php:3805)
[stacktrace]
#0 C:\\xampp\\htdocs\\Portfolio\\Azure-VM\\erpnbs\\vendor\\laravel\\framework\\src\\Illuminate\\Foundation\\Bootstrap\\HandleExceptions.php(254): Illuminate\\Foundation\\Bootstrap\\HandleExceptions->handleError(2, 'Attempt to read...', 'C:\\\\xampp\\\\htdocs...', 3805)
#1 C:\\xampp\\htdocs\\Portfolio\\Azure-VM\\erpnbs\\app\\Models\\Utility.php(3805): Illuminate\\Foundation\\Bootstrap\\HandleExceptions->Illuminate\\Foundation\\Bootstrap\\{closure}(2, 'Attempt to read...', 'C:\\\\xampp\\\\htdocs...', 3805)
#2 C:\\xampp\\htdocs\\Portfolio\\Azure-VM\\erpnbs\\app\\Models\\Utility.php(3835): App\\Models\\Utility::colorset()
#3 C:\\xampp\\htdocs\\Portfolio\\Azure-VM\\erpnbs\\storage\\framework\\views\\af12022e54aa32d93fcc8af74da00b73.php(17): App\\Models\\Utility::GetLogo()
#4 C:\\xampp\\htdocs\\Portfolio\\Azure-VM\\erpnbs\\vendor\\laravel\\framework\\src\\Illuminate\\Filesystem\\Filesystem.php(124): require('C:\\\\xampp\\\\htdocs...')
#5 C:\\xampp\\htdocs\\Portfolio\\Azure-VM\\erpnbs\\vendor\\laravel\\framework\\src\\Illuminate\\Filesystem\\Filesystem.php(125): Illuminate\\Filesystem\\Filesystem::Illuminate\\Filesystem\\{closure}()
#6 C:\\xampp\\htdocs\\Portfolio\\Azure-VM\\erpnbs\\vendor\\laravel\\framework\\src\\Illuminate\\View\\Engines\\PhpEngine.php(58): Illuminate\\Filesystem\\Filesystem->getRequire('C:\\\\xampp\\\\htdocs...', Array)
#7 C:\\xampp\\htdocs\\Portfolio\\Azure-VM\\erpnbs\\vendor\\laravel\\framework\\src\\Illuminate\\View\\Engines\\CompilerEngine.php(72): Illuminate\\View\\Engines\\PhpEngine->evaluatePath('C:\\\\xampp\\\\htdocs...', Array)
#8 C:\\xampp\\htdocs\\Portfolio\\Azure-VM\\erpnbs\\vendor\\laravel\\framework\\src\\Illuminate\\View\\View.php(195): Illuminate\\View\\Engines\\CompilerEngine->get('C:\\\\xampp\\\\htdocs...', Array)
#9 C:\\xampp\\htdocs\\Portfolio\\Azure-VM\\erpnbs\\vendor\\laravel\\framework\\src\\Illuminate\\View\\View.php(178): Illuminate\\View\\View->getContents()
#10 C:\\xampp\\htdocs\\Portfolio\\Azure-VM\\erpnbs\\vendor\\laravel\\framework\\src\\Illuminate\\View\\View.php(147): Illuminate\\View\\View->renderContents()
#11 C:\\xampp\\htdocs\\Portfolio\\Azure-VM\\erpnbs\\storage\\framework\\views\\7e8eff52e000cb16485e906b8a2541f8.php(179): Illuminate\\View\\View->render()
#12 C:\\xampp\\htdocs\\Portfolio\\Azure-VM\\erpnbs\\vendor\\laravel\\framework\\src\\Illuminate\\Filesystem\\Filesystem.php(124): require('C:\\\\xampp\\\\htdocs...')
#13 C:\\xampp\\htdocs\\Portfolio\\Azure-VM\\erpnbs\\vendor\\laravel\\framework\\src\\Illuminate\\Filesystem\\Filesystem.php(125): Illuminate\\Filesystem\\Filesystem::Illuminate\\Filesystem\\{closure}()
#14 C:\\xampp\\htdocs\\Portfolio\\Azure-VM\\erpnbs\\vendor\\laravel\\framework\\src\\Illuminate\\View\\Engines\\PhpEngine.php(58): Illuminate\\Filesystem\\Filesystem->getRequire('C:\\\\xampp\\\\htdocs...', Array)
#15 C:\\xampp\\htdocs\\Portfolio\\Azure-VM\\erpnbs\\vendor\\laravel\\framework\\src\\Illuminate\\View\\Engines\\CompilerEngine.php(72): Illuminate\\View\\Engines\\PhpEngine->evaluatePath('C:\\\\xampp\\\\htdocs...', Array)
#16 C:\\xampp\\htdocs\\Portfolio\\Azure-VM\\erpnbs\\vendor\\laravel\\framework\\src\\Illuminate\\View\\View.php(195): Illuminate\\View\\Engines\\CompilerEngine->get('C:\\\\xampp\\\\htdocs...', Array)
#17 C:\\xampp\\htdocs\\Portfolio\\Azure-VM\\erpnbs\\vendor\\laravel\\framework\\src\\Illuminate\\View\\View.php(178): Illuminate\\View\\View->getContents()
#18 C:\\xampp\\htdocs\\Portfolio\\Azure-VM\\erpnbs\\vendor\\laravel\\framework\\src\\Illuminate\\View\\View.php(147): Illuminate\\View\\View->renderContents()
#19 C:\\xampp\\htdocs\\Portfolio\\Azure-VM\\erpnbs\\vendor\\laravel\\framework\\src\\Illuminate\\Http\\Response.php(69): Illuminate\\View\\View->render()
#20 C:\\xampp\\htdocs\\Portfolio\\Azure-VM\\erpnbs\\vendor\\laravel\\framework\\src\\Illuminate\\Http\\Response.php(35): Illuminate\\Http\\Response->setContent(Object(Illuminate\\View\\View))
#21 C:\\xampp\\htdocs\\Portfolio\\Azure-VM\\erpnbs\\vendor\\laravel\\framework\\src\\Illuminate\\Routing\\Router.php(906): Illuminate\\Http\\Response->__construct(Object(Illuminate\\View\\View), 200, Array)
#22 C:\\xampp\\htdocs\\Portfolio\\Azure-VM\\erpnbs\\vendor\\laravel\\framework\\src\\Illuminate\\Routing\\Router.php(875): Illuminate\\Routing\\Router::toResponse(Object(Illuminate\\Http\\Request), Object(Illuminate\\View\\View))
#23 C:\\xampp\\htdocs\\Portfolio\\Azure-VM\\erpnbs\\vendor\\laravel\\framework\\src\\Illuminate\\Routing\\Router.php(797): Illuminate\\Routing\\Router->prepareResponse(Object(Illuminate\\Http\\Request), Object(Illuminate\\View\\View))
#24 C:\\xampp\\htdocs\\Portfolio\\Azure-VM\\erpnbs\\vendor\\laravel\\framework\\src\\Illuminate\\Pipeline\\Pipeline.php(141): Illuminate\\Routing\\Router->Illuminate\\Routing\\{closure}(Object(Illuminate\\Http\\Request))
#25 C:\\xampp\\htdocs\\Portfolio\\Azure-VM\\erpnbs\\app\\Http\\Middleware\\RedirectIfAuthenticated.php(30): Illuminate\\Pipeline\\Pipeline->Illuminate\\Pipeline\\{closure}(Object(Illuminate\\Http\\Request))
#26 C:\\xampp\\htdocs\\Portfolio\\Azure-VM\\erpnbs\\vendor\\laravel\\framework\\src\\Illuminate\\Pipeline\\Pipeline.php(180): App\\Http\\Middleware\\RedirectIfAuthenticated->handle(Object(Illuminate\\Http\\Request), Object(Closure))
#27 C:\\xampp\\htdocs\\Portfolio\\Azure-VM\\erpnbs\\app\\Http\\Middleware\\CheckExpiryTime.php(55): Illuminate\\Pipeline\\Pipeline->Illuminate\\Pipeline\\{closure}(Object(Illuminate\\Http\\Request))
#28 C:\\xampp\\htdocs\\Portfolio\\Azure-VM\\erpnbs\\vendor\\laravel\\framework\\src\\Illuminate\\Pipeline\\Pipeline.php(180): App\\Http\\Middleware\\CheckExpiryTime->handle(Object(Illuminate\\Http\\Request), Object(Closure))
#29 C:\\xampp\\htdocs\\Portfolio\\Azure-VM\\erpnbs\\vendor\\laravel\\framework\\src\\Illuminate\\Routing\\Middleware\\SubstituteBindings.php(50): Illuminate\\Pipeline\\Pipeline->Illuminate\\Pipeline\\{closure}(Object(Illuminate\\Http\\Request))
#30 C:\\xampp\\htdocs\\Portfolio\\Azure-VM\\erpnbs\\vendor\\laravel\\framework\\src\\Illuminate\\Pipeline\\Pipeline.php(180): Illuminate\\Routing\\Middleware\\SubstituteBindings->handle(Object(Illuminate\\Http\\Request), Object(Closure))
#31 C:\\xampp\\htdocs\\Portfolio\\Azure-VM\\erpnbs\\vendor\\laravel\\framework\\src\\Illuminate\\Foundation\\Http\\Middleware\\VerifyCsrfToken.php(78): Illuminate\\Pipeline\\Pipeline->Illuminate\\Pipeline\\{closure}(Object(Illuminate\\Http\\Request))
#32 C:\\xampp\\htdocs\\Portfolio\\Azure-VM\\erpnbs\\vendor\\laravel\\framework\\src\\Illuminate\\Pipeline\\Pipeline.php(180): Illuminate\\Foundation\\Http\\Middleware\\VerifyCsrfToken->handle(Object(Illuminate\\Http\\Request), Object(Closure))
#33 C:\\xampp\\htdocs\\Portfolio\\Azure-VM\\erpnbs\\vendor\\laravel\\framework\\src\\Illuminate\\View\\Middleware\\ShareErrorsFromSession.php(49): Illuminate\\Pipeline\\Pipeline->Illuminate\\Pipeline\\{closure}(Object(Illuminate\\Http\\Request))
#34 C:\\xampp\\htdocs\\Portfolio\\Azure-VM\\erpnbs\\vendor\\laravel\\framework\\src\\Illuminate\\Pipeline\\Pipeline.php(180): Illuminate\\View\\Middleware\\ShareErrorsFromSession->handle(Object(Illuminate\\Http\\Request), Object(Closure))
#35 C:\\xampp\\htdocs\\Portfolio\\Azure-VM\\erpnbs\\vendor\\laravel\\framework\\src\\Illuminate\\Session\\Middleware\\StartSession.php(121): Illuminate\\Pipeline\\Pipeline->Illuminate\\Pipeline\\{closure}(Object(Illuminate\\Http\\Request))
#36 C:\\xampp\\htdocs\\Portfolio\\Azure-VM\\erpnbs\\vendor\\laravel\\framework\\src\\Illuminate\\Session\\Middleware\\StartSession.php(64): Illuminate\\Session\\Middleware\\StartSession->handleStatefulRequest(Object(Illuminate\\Http\\Request), Object(Illuminate\\Session\\Store), Object(Closure))
#37 C:\\xampp\\htdocs\\Portfolio\\Azure-VM\\erpnbs\\vendor\\laravel\\framework\\src\\Illuminate\\Pipeline\\Pipeline.php(180): Illuminate\\Session\\Middleware\\StartSession->handle(Object(Illuminate\\Http\\Request), Object(Closure))
#38 C:\\xampp\\htdocs\\Portfolio\\Azure-VM\\erpnbs\\vendor\\laravel\\framework\\src\\Illuminate\\Cookie\\Middleware\\AddQueuedCookiesToResponse.php(37): Illuminate\\Pipeline\\Pipeline->Illuminate\\Pipeline\\{closure}(Object(Illuminate\\Http\\Request))
#39 C:\\xampp\\htdocs\\Portfolio\\Azure-VM\\erpnbs\\vendor\\laravel\\framework\\src\\Illuminate\\Pipeline\\Pipeline.php(180): Illuminate\\Cookie\\Middleware\\AddQueuedCookiesToResponse->handle(Object(Illuminate\\Http\\Request), Object(Closure))
#40 C:\\xampp\\htdocs\\Portfolio\\Azure-VM\\erpnbs\\vendor\\laravel\\framework\\src\\Illuminate\\Cookie\\Middleware\\EncryptCookies.php(67): Illuminate\\Pipeline\\Pipeline->Illuminate\\Pipeline\\{closure}(Object(Illuminate\\Http\\Request))
#41 C:\\xampp\\htdocs\\Portfolio\\Azure-VM\\erpnbs\\vendor\\laravel\\framework\\src\\Illuminate\\Pipeline\\Pipeline.php(180): Illuminate\\Cookie\\Middleware\\EncryptCookies->handle(Object(Illuminate\\Http\\Request), Object(Closure))
#42 C:\\xampp\\htdocs\\Portfolio\\Azure-VM\\erpnbs\\vendor\\laravel\\framework\\src\\Illuminate\\Pipeline\\Pipeline.php(116): Illuminate\\Pipeline\\Pipeline->Illuminate\\Pipeline\\{closure}(Object(Illuminate\\Http\\Request))
#43 C:\\xampp\\htdocs\\Portfolio\\Azure-VM\\erpnbs\\vendor\\laravel\\framework\\src\\Illuminate\\Routing\\Router.php(797): Illuminate\\Pipeline\\Pipeline->then(Object(Closure))
#44 C:\\xampp\\htdocs\\Portfolio\\Azure-VM\\erpnbs\\vendor\\laravel\\framework\\src\\Illuminate\\Routing\\Router.php(776): Illuminate\\Routing\\Router->runRouteWithinStack(Object(Illuminate\\Routing\\Route), Object(Illuminate\\Http\\Request))
#45 C:\\xampp\\htdocs\\Portfolio\\Azure-VM\\erpnbs\\vendor\\laravel\\framework\\src\\Illuminate\\Routing\\Router.php(740): Illuminate\\Routing\\Router->runRoute(Object(Illuminate\\Http\\Request), Object(Illuminate\\Routing\\Route))
#46 C:\\xampp\\htdocs\\Portfolio\\Azure-VM\\erpnbs\\vendor\\laravel\\framework\\src\\Illuminate\\Routing\\Router.php(729): Illuminate\\Routing\\Router->dispatchToRoute(Object(Illuminate\\Http\\Request))
#47 C:\\xampp\\htdocs\\Portfolio\\Azure-VM\\erpnbs\\vendor\\laravel\\framework\\src\\Illuminate\\Foundation\\Http\\Kernel.php(200): Illuminate\\Routing\\Router->dispatch(Object(Illuminate\\Http\\Request))
#48 C:\\xampp\\htdocs\\Portfolio\\Azure-VM\\erpnbs\\vendor\\laravel\\framework\\src\\Illuminate\\Pipeline\\Pipeline.php(141): Illuminate\\Foundation\\Http\\Kernel->Illuminate\\Foundation\\Http\\{closure}(Object(Illuminate\\Http\\Request))
#49 C:\\xampp\\htdocs\\Portfolio\\Azure-VM\\erpnbs\\vendor\\barryvdh\\laravel-debugbar\\src\\Middleware\\InjectDebugbar.php(66): Illuminate\\Pipeline\\Pipeline->Illuminate\\Pipeline\\{closure}(Object(Illuminate\\Http\\Request))
#50 C:\\xampp\\htdocs\\Portfolio\\Azure-VM\\erpnbs\\vendor\\laravel\\framework\\src\\Illuminate\\Pipeline\\Pipeline.php(180): Barryvdh\\Debugbar\\Middleware\\InjectDebugbar->handle(Object(Illuminate\\Http\\Request), Object(Closure))
#51 C:\\xampp\\htdocs\\Portfolio\\Azure-VM\\erpnbs\\vendor\\laravel\\framework\\src\\Illuminate\\Foundation\\Http\\Middleware\\TransformsRequest.php(21): Illuminate\\Pipeline\\Pipeline->Illuminate\\Pipeline\\{closure}(Object(Illuminate\\Http\\Request))
#52 C:\\xampp\\htdocs\\Portfolio\\Azure-VM\\erpnbs\\vendor\\laravel\\framework\\src\\Illuminate\\Foundation\\Http\\Middleware\\ConvertEmptyStringsToNull.php(31): Illuminate\\Foundation\\Http\\Middleware\\TransformsRequest->handle(Object(Illuminate\\Http\\Request), Object(Closure))
#53 C:\\xampp\\htdocs\\Portfolio\\Azure-VM\\erpnbs\\vendor\\laravel\\framework\\src\\Illuminate\\Pipeline\\Pipeline.php(180): Illuminate\\Foundation\\Http\\Middleware\\ConvertEmptyStringsToNull->handle(Object(Illuminate\\Http\\Request), Object(Closure))
#54 C:\\xampp\\htdocs\\Portfolio\\Azure-VM\\erpnbs\\vendor\\laravel\\framework\\src\\Illuminate\\Foundation\\Http\\Middleware\\TransformsRequest.php(21): Illuminate\\Pipeline\\Pipeline->Illuminate\\Pipeline\\{closure}(Object(Illuminate\\Http\\Request))
#55 C:\\xampp\\htdocs\\Portfolio\\Azure-VM\\erpnbs\\vendor\\laravel\\framework\\src\\Illuminate\\Foundation\\Http\\Middleware\\TrimStrings.php(40): Illuminate\\Foundation\\Http\\Middleware\\TransformsRequest->handle(Object(Illuminate\\Http\\Request), Object(Closure))
#56 C:\\xampp\\htdocs\\Portfolio\\Azure-VM\\erpnbs\\vendor\\laravel\\framework\\src\\Illuminate\\Pipeline\\Pipeline.php(180): Illuminate\\Foundation\\Http\\Middleware\\TrimStrings->handle(Object(Illuminate\\Http\\Request), Object(Closure))
#57 C:\\xampp\\htdocs\\Portfolio\\Azure-VM\\erpnbs\\vendor\\laravel\\framework\\src\\Illuminate\\Foundation\\Http\\Middleware\\ValidatePostSize.php(27): Illuminate\\Pipeline\\Pipeline->Illuminate\\Pipeline\\{closure}(Object(Illuminate\\Http\\Request))
#58 C:\\xampp\\htdocs\\Portfolio\\Azure-VM\\erpnbs\\vendor\\laravel\\framework\\src\\Illuminate\\Pipeline\\Pipeline.php(180): Illuminate\\Foundation\\Http\\Middleware\\ValidatePostSize->handle(Object(Illuminate\\Http\\Request), Object(Closure))
#59 C:\\xampp\\htdocs\\Portfolio\\Azure-VM\\erpnbs\\vendor\\laravel\\framework\\src\\Illuminate\\Foundation\\Http\\Middleware\\PreventRequestsDuringMaintenance.php(99): Illuminate\\Pipeline\\Pipeline->Illuminate\\Pipeline\\{closure}(Object(Illuminate\\Http\\Request))
#60 C:\\xampp\\htdocs\\Portfolio\\Azure-VM\\erpnbs\\vendor\\laravel\\framework\\src\\Illuminate\\Pipeline\\Pipeline.php(180): Illuminate\\Foundation\\Http\\Middleware\\PreventRequestsDuringMaintenance->handle(Object(Illuminate\\Http\\Request), Object(Closure))
#61 C:\\xampp\\htdocs\\Portfolio\\Azure-VM\\erpnbs\\vendor\\laravel\\framework\\src\\Illuminate\\Http\\Middleware\\HandleCors.php(49): Illuminate\\Pipeline\\Pipeline->Illuminate\\Pipeline\\{closure}(Object(Illuminate\\Http\\Request))
#62 C:\\xampp\\htdocs\\Portfolio\\Azure-VM\\erpnbs\\vendor\\laravel\\framework\\src\\Illuminate\\Pipeline\\Pipeline.php(180): Illuminate\\Http\\Middleware\\HandleCors->handle(Object(Illuminate\\Http\\Request), Object(Closure))
#63 C:\\xampp\\htdocs\\Portfolio\\Azure-VM\\erpnbs\\vendor\\laravel\\framework\\src\\Illuminate\\Http\\Middleware\\TrustProxies.php(39): Illuminate\\Pipeline\\Pipeline->Illuminate\\Pipeline\\{closure}(Object(Illuminate\\Http\\Request))
#64 C:\\xampp\\htdocs\\Portfolio\\Azure-VM\\erpnbs\\vendor\\laravel\\framework\\src\\Illuminate\\Pipeline\\Pipeline.php(180): Illuminate\\Http\\Middleware\\TrustProxies->handle(Object(Illuminate\\Http\\Request), Object(Closure))
#65 C:\\xampp\\htdocs\\Portfolio\\Azure-VM\\erpnbs\\vendor\\laravel\\framework\\src\\Illuminate\\Pipeline\\Pipeline.php(116): Illuminate\\Pipeline\\Pipeline->Illuminate\\Pipeline\\{closure}(Object(Illuminate\\Http\\Request))
#66 C:\\xampp\\htdocs\\Portfolio\\Azure-VM\\erpnbs\\vendor\\laravel\\framework\\src\\Illuminate\\Foundation\\Http\\Kernel.php(175): Illuminate\\Pipeline\\Pipeline->then(Object(Closure))
#67 C:\\xampp\\htdocs\\Portfolio\\Azure-VM\\erpnbs\\vendor\\laravel\\framework\\src\\Illuminate\\Foundation\\Http\\Kernel.php(144): Illuminate\\Foundation\\Http\\Kernel->sendRequestThroughRouter(Object(Illuminate\\Http\\Request))
#68 C:\\xampp\\htdocs\\Portfolio\\Azure-VM\\erpnbs\\public\\index.php(51): Illuminate\\Foundation\\Http\\Kernel->handle(Object(Illuminate\\Http\\Request))
#69 C:\\xampp\\htdocs\\Portfolio\\Azure-VM\\erpnbs\\vendor\\laravel\\framework\\src\\Illuminate\\Foundation\\resources\\server.php(16): require_once('C:\\\\xampp\\\\htdocs...')
#70 {main}
"} 
[2026-08-08 12:28:04] local.ERROR: Call to a member function getName() on null {"exception":"[object] (Error(code: 0): Call to a member function getName() on null at C:\\xampp\\htdocs\\Portfolio\\Azure-VM\\erpnbs\\database\\seeders\\DatabaseSeeder.php:22)
[stacktrace]
#0 C:\\xampp\\htdocs\\Portfolio\\Azure-VM\\erpnbs\\vendor\\laravel\\framework\\src\\Illuminate\\Container\\BoundMethod.php(36): Database\\Seeders\\DatabaseSeeder->run()
#1 C:\\xampp\\htdocs\\Portfolio\\Azure-VM\\erpnbs\\vendor\\laravel\\framework\\src\\Illuminate\\Container\\Util.php(41): Illuminate\\Container\\BoundMethod::Illuminate\\Container\\{closure}()
#2 C:\\xampp\\htdocs\\Portfolio\\Azure-VM\\erpnbs\\vendor\\laravel\\framework\\src\\Illuminate\\Container\\BoundMethod.php(93): Illuminate\\Container\\Util::unwrapIfClosure(Object(Closure))
#3 C:\\xampp\\htdocs\\Portfolio\\Azure-VM\\erpnbs\\vendor\\laravel\\framework\\src\\Illuminate\\Container\\BoundMethod.php(35): Illuminate\\Container\\BoundMethod::callBoundMethod(Object(Illuminate\\Foundation\\Application), Array, Object(Closure))
#4 C:\\xampp\\htdocs\\Portfolio\\Azure-VM\\erpnbs\\vendor\\laravel\\framework\\src\\Illuminate\\Container\\Container.php(662): Illuminate\\Container\\BoundMethod::call(Object(Illuminate\\Foundation\\Application), Array, Array, NULL)
#5 C:\\xampp\\htdocs\\Portfolio\\Azure-VM\\erpnbs\\vendor\\laravel\\framework\\src\\Illuminate\\Database\\Seeder.php(184): Illuminate\\Container\\Container->call(Array, Array)
#6 C:\\xampp\\htdocs\\Portfolio\\Azure-VM\\erpnbs\\vendor\\laravel\\framework\\src\\Illuminate\\Database\\Seeder.php(193): Illuminate\\Database\\Seeder->Illuminate\\Database\\{closure}()
#7 C:\\xampp\\htdocs\\Portfolio\\Azure-VM\\erpnbs\\vendor\\laravel\\framework\\src\\Illuminate\\Database\\Console\\Seeds\\SeedCommand.php(70): Illuminate\\Database\\Seeder->__invoke()
#8 C:\\xampp\\htdocs\\Portfolio\\Azure-VM\\erpnbs\\vendor\\laravel\\framework\\src\\Illuminate\\Database\\Eloquent\\Concerns\\GuardsAttributes.php(155): Illuminate\\Database\\Console\\Seeds\\SeedCommand->Illuminate\\Database\\Console\\Seeds\\{closure}()
#9 C:\\xampp\\htdocs\\Portfolio\\Azure-VM\\erpnbs\\vendor\\laravel\\framework\\src\\Illuminate\\Database\\Console\\Seeds\\SeedCommand.php(69): Illuminate\\Database\\Eloquent\\Model::unguarded(Object(Closure))
#10 C:\\xampp\\htdocs\\Portfolio\\Azure-VM\\erpnbs\\vendor\\laravel\\framework\\src\\Illuminate\\Container\\BoundMethod.php(36): Illuminate\\Database\\Console\\Seeds\\SeedCommand->handle()
#11 C:\\xampp\\htdocs\\Portfolio\\Azure-VM\\erpnbs\\vendor\\laravel\\framework\\src\\Illuminate\\Container\\Util.php(41): Illuminate\\Container\\BoundMethod::Illuminate\\Container\\{closure}()
#12 C:\\xampp\\htdocs\\Portfolio\\Azure-VM\\erpnbs\\vendor\\laravel\\framework\\src\\Illuminate\\Container\\BoundMethod.php(93): Illuminate\\Container\\Util::unwrapIfClosure(Object(Closure))
#13 C:\\xampp\\htdocs\\Portfolio\\Azure-VM\\erpnbs\\vendor\\laravel\\framework\\src\\Illuminate\\Container\\BoundMethod.php(35): Illuminate\\Container\\BoundMethod::callBoundMethod(Object(Illuminate\\Foundation\\Application), Array, Object(Closure))
#14 C:\\xampp\\htdocs\\Portfolio\\Azure-VM\\erpnbs\\vendor\\laravel\\framework\\src\\Illuminate\\Container\\Container.php(662): Illuminate\\Container\\BoundMethod::call(Object(Illuminate\\Foundation\\Application), Array, Array, NULL)
#15 C:\\xampp\\htdocs\\Portfolio\\Azure-VM\\erpnbs\\vendor\\laravel\\framework\\src\\Illuminate\\Console\\Command.php(211): Illuminate\\Container\\Container->call(Array)
#16 C:\\xampp\\htdocs\\Portfolio\\Azure-VM\\erpnbs\\vendor\\symfony\\console\\Command\\Command.php(326): Illuminate\\Console\\Command->execute(Object(Symfony\\Component\\Console\\Input\\ArgvInput), Object(Illuminate\\Console\\OutputStyle))
#17 C:\\xampp\\htdocs\\Portfolio\\Azure-VM\\erpnbs\\vendor\\laravel\\framework\\src\\Illuminate\\Console\\Command.php(180): Symfony\\Component\\Console\\Command\\Command->run(Object(Symfony\\Component\\Console\\Input\\ArgvInput), Object(Illuminate\\Console\\OutputStyle))
#18 C:\\xampp\\htdocs\\Portfolio\\Azure-VM\\erpnbs\\vendor\\symfony\\console\\Application.php(1081): Illuminate\\Console\\Command->run(Object(Symfony\\Component\\Console\\Input\\ArgvInput), Object(Symfony\\Component\\Console\\Output\\ConsoleOutput))
#19 C:\\xampp\\htdocs\\Portfolio\\Azure-VM\\erpnbs\\vendor\\symfony\\console\\Application.php(320): Symfony\\Component\\Console\\Application->doRunCommand(Object(Illuminate\\Database\\Console\\Seeds\\SeedCommand), Object(Symfony\\Component\\Console\\Input\\ArgvInput), Object(Symfony\\Component\\Console\\Output\\ConsoleOutput))
#20 C:\\xampp\\htdocs\\Portfolio\\Azure-VM\\erpnbs\\vendor\\symfony\\console\\Application.php(174): Symfony\\Component\\Console\\Application->doRun(Object(Symfony\\Component\\Console\\Input\\ArgvInput), Object(Symfony\\Component\\Console\\Output\\ConsoleOutput))
#21 C:\\xampp\\htdocs\\Portfolio\\Azure-VM\\erpnbs\\vendor\\laravel\\framework\\src\\Illuminate\\Foundation\\Console\\Kernel.php(201): Symfony\\Component\\Console\\Application->run(Object(Symfony\\Component\\Console\\Input\\ArgvInput), Object(Symfony\\Component\\Console\\Output\\ConsoleOutput))
#22 C:\\xampp\\htdocs\\Portfolio\\Azure-VM\\erpnbs\\artisan(35): Illuminate\\Foundation\\Console\\Kernel->handle(Object(Symfony\\Component\\Console\\Input\\ArgvInput), Object(Symfony\\Component\\Console\\Output\\ConsoleOutput))
#23 {main}
"} 
